<soapenv:Envelope xmlns:soapenv="http://schemas.xmlsoap.org/soap/envelope/" xmlns:tem="http://tempuri.org/">
   <soapenv:Header/>
   <soapenv:Body>
      <tem:WM_MantUsuario>
         <tem:Cod_Empresa>1</tem:Cod_Empresa>
         <tem:Cod_Sucursal>1</tem:Cod_Sucursal>
         <!--Optional:-->
         <tem:Tipo_Usuario>PACIENTE</tem:Tipo_Usuario>
         <tem:Id_Ambulatorio>3134429</tem:Id_Ambulatorio>
         <tem:Rut_Paciente>16235269</tem:Rut_Paciente>
         <!--Optional:-->
         <tem:Dv_Paciente>5</tem:Dv_Paciente>
         <!--Optional:-->
         <tem:Nombre_Paciente>MORIAL</tem:Nombre_Paciente>
         <!--Optional:-->
         <tem:Apepat_Paciente>MARQUEZ</tem:Apepat_Paciente>
         <!--Optional:-->
         <tem:Apemat_Paciente>CHANNAL</tem:Apemat_Paciente>
         <!--Optional:-->
         <tem:Fechanac_Paciente>06/03/1978</tem:Fechanac_Paciente>
         <!--Optional:-->
         <tem:Direccion_Paciente>SIMON BOLIVAR 7654</tem:Direccion_Paciente>
         <!--Optional:-->
         <tem:Comuna_Paciente>301</tem:Comuna_Paciente>
         <!--Optional:-->
         <tem:Ciudad_Paciente>SANTIAGO</tem:Ciudad_Paciente>
         <!--Optional:-->
         <tem:Fono1_Paciente>23659874</tem:Fono1_Paciente>
         <!--Optional:-->
         <tem:Fono2_Paciente></tem:Fono2_Paciente>
         <tem:PrefMovil1>9</tem:PrefMovil1>
         <!--Optional:-->
         <tem:FonoMovil1>4568246</tem:FonoMovil1>
         <tem:PrefMovil2>9</tem:PrefMovil2>
         <!--Optional:-->
         <tem:FonoMovil2>98966531</tem:FonoMovil2>
         <!--Optional:-->
         <tem:Email_Paciente>MOCHANNAL@GMAIL.C0M</tem:Email_Paciente>
         <!--Optional:-->
         <tem:Sexo_Paciente>M</tem:Sexo_Paciente>
         <!--Optional:-->
         <tem:Prevision_Paciente>30101</tem:Prevision_Paciente>
         <!--Optional:-->
         <tem:Clave_Usuario>familia7</tem:Clave_Usuario>
         <!--Optional:-->
         <tem:Pregunta_Clave>GATO</tem:Pregunta_Clave>
         <!--Optional:-->
         <tem:RespuestaClave>PACO</tem:RespuestaClave>
         <!--Optional:-->
         <tem:Estado>D</tem:Estado>
         <!--Optional:-->
         <tem:Accion>I</tem:Accion>
         <!--Optional:-->
         <tem:IP_Cliente>200.6.100.43</tem:IP_Cliente>
         <!--Optional:-->
         <tem:Usuario>UINTERNET</tem:Usuario>
      </tem:WM_MantUsuario>
   </soapenv:Body>
</soapenv:Envelope>