<XML>
	<CalendarioProfesiona>
		<Fecha Estado="2" Dia="13-03-2014">
			<DetalleDia>
				<Hora>16:30</Hora>
				<NombrePaciente>AGUILA O. MARIELA ANDREA</NombrePaciente>
				<CodigoPaciente>2198551</CodigoPaciente>
				<CorrelativoHorario>201417</CorrelativoHorario>
				<Box>59</Box>
				<Multiplicidad>1</Multiplicidad>
				<Lleno>1</Lleno>
			</DetalleDia>
			<DetalleDia>
				<Hora>16:45</Hora>
				<NombrePaciente>DONOSO J. CAROLINA</NombrePaciente>
				<CodigoPaciente>2862391</CodigoPaciente>
				<CorrelativoHorario>201417</CorrelativoHorario>
				<Box>59</Box>
				<Multiplicidad>1</Multiplicidad>
				<Lleno>1</Lleno>
			</DetalleDia>
			<DetalleDia>
				<Hora>17:00</Hora>
				<NombrePaciente>GUTIERREZ C. VALENTINA ELIANA</NombrePaciente>
				<CodigoPaciente>1386289</CodigoPaciente>
				<CorrelativoHorario>201417</CorrelativoHorario>
				<Box>59</Box>
				<Multiplicidad>1</Multiplicidad>
				<Lleno>1</Lleno>
			</DetalleDia>
			<DetalleDia>
				<Hora>17:15</Hora>
				<NombrePaciente>BUSTOS M. MARCELA CAROLIN</NombrePaciente>
				<CodigoPaciente>1488348</CodigoPaciente>
				<CorrelativoHorario>201417</CorrelativoHorario>
				<Box>59</Box>
				<Multiplicidad>1</Multiplicidad>
				<Lleno>1</Lleno>
			</DetalleDia>
			<DetalleDia>
				<Hora>17:30</Hora>
				<NombrePaciente>CONTRERAS M. INGRID</NombrePaciente>
				<CodigoPaciente>3027887</CodigoPaciente>
				<CorrelativoHorario>201417</CorrelativoHorario>
				<Box>59</Box>
				<Multiplicidad>1</Multiplicidad>
				<Lleno>1</Lleno>
			</DetalleDia>
			<DetalleDia>
				<Hora>17:45</Hora>
				<NombrePaciente>YEVENES P. FERNANDA JAVIERA</NombrePaciente>
				<CodigoPaciente>1615043</CodigoPaciente>
				<CorrelativoHorario>201417</CorrelativoHorario>
				<Box>59</Box>
				<Multiplicidad>1</Multiplicidad>
				<Lleno>1</Lleno>
			</DetalleDia>
			<DetalleDia>
				<Hora>18:00</Hora>
				<NombrePaciente>CERDA S. MARIA JOSE</NombrePaciente>
				<CodigoPaciente>2450907</CodigoPaciente>
				<CorrelativoHorario>201417</CorrelativoHorario>
				<Box>59</Box>
				<Multiplicidad>1</Multiplicidad>
				<Lleno>1</Lleno>
			</DetalleDia>
			<DetalleDia>
				<Hora>18:15</Hora>
				<NombrePaciente>GUARDIA L. CAROLINA ANDREA</NombrePaciente>
				<CodigoPaciente>2238960</CodigoPaciente>
				<CorrelativoHorario>201417</CorrelativoHorario>
				<Box>59</Box>
				<Multiplicidad>1</Multiplicidad>
				<Lleno>1</Lleno>
			</DetalleDia>
			<DetalleDia>
				<Hora>18:30</Hora>
				<NombrePaciente>GARCIA V. SUSAN MARIA</NombrePaciente>
				<CodigoPaciente>1917949</CodigoPaciente>
				<CorrelativoHorario>201417</CorrelativoHorario>
				<Box>59</Box>
				<Multiplicidad>1</Multiplicidad>
				<Lleno>1</Lleno>
			</DetalleDia>
			<DetalleDia>
				<Hora>18:45</Hora>
				<NombrePaciente>PALOMINOS R. MARIA GABRIELA</NombrePaciente>
				<CodigoPaciente>2816332</CodigoPaciente>
				<CorrelativoHorario>201417</CorrelativoHorario>
				<Box>59</Box>
				<Multiplicidad>1</Multiplicidad>
				<Lleno>1</Lleno>
			</DetalleDia>
			<DetalleDia>
				<Hora>19:00</Hora>
				<NombrePaciente>VERGARA Z. SAMANTHA</NombrePaciente>
				<CodigoPaciente>2261942</CodigoPaciente>
				<CorrelativoHorario>201417</CorrelativoHorario>
				<Box>59</Box>
				<Multiplicidad>1</Multiplicidad>
				<Lleno>1</Lleno>
			</DetalleDia>
			<DetalleDia>
				<Hora>19:15</Hora>
				<NombrePaciente>URZUA V. PAOLA CECILIA</NombrePaciente>
				<CodigoPaciente>2041697</CodigoPaciente>
				<CorrelativoHorario>201417</CorrelativoHorario>
				<Box>59</Box>
				<Multiplicidad>1</Multiplicidad>
				<Lleno>1</Lleno>
			</DetalleDia>
			<DetalleDia>
				<Hora>19:30</Hora>
				<NombrePaciente>CANALES G. NATALIA PAULINA</NombrePaciente>
				<CodigoPaciente>3083285</CodigoPaciente>
				<CorrelativoHorario>201417</CorrelativoHorario>
				<Box>59</Box>
				<Multiplicidad>1</Multiplicidad>
				<Lleno>1</Lleno>
			</DetalleDia>
			<DetalleDia>
				<Hora>19:45</Hora>
				<NombrePaciente>TORRES B. PAULA ANDREA</NombrePaciente>
				<CodigoPaciente>2940799</CodigoPaciente>
				<CorrelativoHorario>201417</CorrelativoHorario>
				<Box>59</Box>
				<Multiplicidad>1</Multiplicidad>
				<Lleno>1</Lleno>
			</DetalleDia>
		</Fecha>
		<Fecha Estado="0" Dia="14-03-2014">
			<DetalleDia />
		</Fecha>
		<Fecha Estado="0" Dia="15-03-2014">
			<DetalleDia />
		</Fecha>
		<Fecha Estado="0" Dia="16-03-2014">
			<DetalleDia />
		</Fecha>
		<Fecha Estado="1" Dia="17-03-2014">
			<DetalleDia>
				<Hora>13:00</Hora>
				<NombrePaciente>GUERRERO S. CRISTINA</NombrePaciente>
				<CodigoPaciente>2092532</CodigoPaciente>
				<CorrelativoHorario>201415</CorrelativoHorario>
				<Box>59</Box>
				<Multiplicidad>1</Multiplicidad>
				<Lleno>1</Lleno>
			</DetalleDia>
			<DetalleDia>
				<Hora>13:15</Hora>
				<NombrePaciente>ROJAS B. FRANCISCA</NombrePaciente>
				<CodigoPaciente>2644658</CodigoPaciente>
				<CorrelativoHorario>201415</CorrelativoHorario>
				<Box>59</Box>
				<Multiplicidad>1</Multiplicidad>
				<Lleno>1</Lleno>
			</DetalleDia>
			<DetalleDia>
				<Hora>13:30</Hora>
				<NombrePaciente xml:space="preserve"> </NombrePaciente>
				<CorrelativoHorario>201415</CorrelativoHorario>
				<Box>59</Box>
				<Multiplicidad>1</Multiplicidad>
				<Lleno>0</Lleno>
			</DetalleDia>
			<DetalleDia>
				<Hora>13:45</Hora>
				<NombrePaciente xml:space="preserve"> </NombrePaciente>
				<CorrelativoHorario>201415</CorrelativoHorario>
				<Box>59</Box>
				<Multiplicidad>1</Multiplicidad>
				<Lleno>0</Lleno>
			</DetalleDia>
			<DetalleDia>
				<Hora>14:00</Hora>
				<NombrePaciente xml:space="preserve"> </NombrePaciente>
				<CorrelativoHorario>201415</CorrelativoHorario>
				<Box>59</Box>
				<Multiplicidad>1</Multiplicidad>
				<Lleno>0</Lleno>
			</DetalleDia>
			<DetalleDia>
				<Hora>14:15</Hora>
				<NombrePaciente xml:space="preserve"> </NombrePaciente>
				<CorrelativoHorario>201415</CorrelativoHorario>
				<Box>59</Box>
				<Multiplicidad>1</Multiplicidad>
				<Lleno>0</Lleno>
			</DetalleDia>
			<DetalleDia>
				<Hora>14:30</Hora>
				<NombrePaciente xml:space="preserve"> </NombrePaciente>
				<CorrelativoHorario>201415</CorrelativoHorario>
				<Box>59</Box>
				<Multiplicidad>1</Multiplicidad>
				<Lleno>0</Lleno>
			</DetalleDia>
			<DetalleDia>
				<Hora>14:45</Hora>
				<NombrePaciente xml:space="preserve"> </NombrePaciente>
				<CorrelativoHorario>201415</CorrelativoHorario>
				<Box>59</Box>
				<Multiplicidad>1</Multiplicidad>
				<Lleno>0</Lleno>
			</DetalleDia>
			<DetalleDia>
				<Hora>15:00</Hora>
				<NombrePaciente xml:space="preserve"> </NombrePaciente>
				<CorrelativoHorario>201415</CorrelativoHorario>
				<Box>59</Box>
				<Multiplicidad>1</Multiplicidad>
				<Lleno>0</Lleno>
			</DetalleDia>
			<DetalleDia>
				<Hora>15:15</Hora>
				<NombrePaciente xml:space="preserve"> </NombrePaciente>
				<CorrelativoHorario>201415</CorrelativoHorario>
				<Box>59</Box>
				<Multiplicidad>1</Multiplicidad>
				<Lleno>0</Lleno>
			</DetalleDia>
			<DetalleDia>
				<Hora>15:30</Hora>
				<NombrePaciente xml:space="preserve"> </NombrePaciente>
				<CorrelativoHorario>201415</CorrelativoHorario>
				<Box>59</Box>
				<Multiplicidad>1</Multiplicidad>
				<Lleno>0</Lleno>
			</DetalleDia>
			<DetalleDia>
				<Hora>15:45</Hora>
				<NombrePaciente xml:space="preserve"> </NombrePaciente>
				<CorrelativoHorario>201415</CorrelativoHorario>
				<Box>59</Box>
				<Multiplicidad>1</Multiplicidad>
				<Lleno>0</Lleno>
			</DetalleDia>
			<DetalleDia>
				<Hora>16:00</Hora>
				<NombrePaciente xml:space="preserve"> </NombrePaciente>
				<CorrelativoHorario>201415</CorrelativoHorario>
				<Box>59</Box>
				<Multiplicidad>1</Multiplicidad>
				<Lleno>0</Lleno>
			</DetalleDia>
			<DetalleDia>
				<Hora>16:15</Hora>
				<NombrePaciente xml:space="preserve"> </NombrePaciente>
				<CorrelativoHorario>201415</CorrelativoHorario>
				<Box>59</Box>
				<Multiplicidad>1</Multiplicidad>
				<Lleno>0</Lleno>
			</DetalleDia>
			<DetalleDia>
				<Hora>16:30</Hora>
				<NombrePaciente xml:space="preserve"> </NombrePaciente>
				<CorrelativoHorario>201415</CorrelativoHorario>
				<Box>59</Box>
				<Multiplicidad>1</Multiplicidad>
				<Lleno>0</Lleno>
			</DetalleDia>
			<DetalleDia>
				<Hora>16:45</Hora>
				<NombrePaciente xml:space="preserve"> </NombrePaciente>
				<CorrelativoHorario>201415</CorrelativoHorario>
				<Box>59</Box>
				<Multiplicidad>1</Multiplicidad>
				<Lleno>0</Lleno>
			</DetalleDia>
			<DetalleDia>
				<Hora>17:00</Hora>
				<NombrePaciente xml:space="preserve"> </NombrePaciente>
				<CorrelativoHorario>201415</CorrelativoHorario>
				<Box>59</Box>
				<Multiplicidad>1</Multiplicidad>
				<Lleno>0</Lleno>
			</DetalleDia>
			<DetalleDia>
				<Hora>17:15</Hora>
				<NombrePaciente xml:space="preserve"> </NombrePaciente>
				<CorrelativoHorario>201415</CorrelativoHorario>
				<Box>59</Box>
				<Multiplicidad>1</Multiplicidad>
				<Lleno>0</Lleno>
			</DetalleDia>
			<DetalleDia>
				<Hora>17:30</Hora>
				<NombrePaciente xml:space="preserve"> </NombrePaciente>
				<CorrelativoHorario>201415</CorrelativoHorario>
				<Box>59</Box>
				<Multiplicidad>1</Multiplicidad>
				<Lleno>0</Lleno>
			</DetalleDia>
			<DetalleDia>
				<Hora>17:45</Hora>
				<NombrePaciente xml:space="preserve"> </NombrePaciente>
				<CorrelativoHorario>201415</CorrelativoHorario>
				<Box>59</Box>
				<Multiplicidad>1</Multiplicidad>
				<Lleno>0</Lleno>
			</DetalleDia>
			<DetalleDia>
				<Hora>18:00</Hora>
				<NombrePaciente xml:space="preserve"> </NombrePaciente>
				<CorrelativoHorario>201415</CorrelativoHorario>
				<Box>59</Box>
				<Multiplicidad>1</Multiplicidad>
				<Lleno>0</Lleno>
			</DetalleDia>
			<DetalleDia>
				<Hora>18:15</Hora>
				<NombrePaciente xml:space="preserve"> </NombrePaciente>
				<CorrelativoHorario>201415</CorrelativoHorario>
				<Box>59</Box>
				<Multiplicidad>1</Multiplicidad>
				<Lleno>0</Lleno>
			</DetalleDia>
			<DetalleDia>
				<Hora>18:30</Hora>
				<NombrePaciente xml:space="preserve"> </NombrePaciente>
				<CorrelativoHorario>201415</CorrelativoHorario>
				<Box>59</Box>
				<Multiplicidad>1</Multiplicidad>
				<Lleno>0</Lleno>
			</DetalleDia>
			<DetalleDia>
				<Hora>18:45</Hora>
				<NombrePaciente xml:space="preserve"> </NombrePaciente>
				<CorrelativoHorario>201415</CorrelativoHorario>
				<Box>59</Box>
				<Multiplicidad>1</Multiplicidad>
				<Lleno>0</Lleno>
			</DetalleDia>
			<DetalleDia>
				<Hora>19:00</Hora>
				<NombrePaciente>RODRIGUEZ R. MARIA JOSE</NombrePaciente>
				<CodigoPaciente>982478</CodigoPaciente>
				<CorrelativoHorario>201415</CorrelativoHorario>
				<Box>59</Box>
				<Multiplicidad>1</Multiplicidad>
				<Lleno>1</Lleno>
			</DetalleDia>
			<DetalleDia>
				<Hora>19:15</Hora>
				<NombrePaciente>BASTIAS F. ROSEMARIE</NombrePaciente>
				<CodigoPaciente>1034288</CodigoPaciente>
				<CorrelativoHorario>201415</CorrelativoHorario>
				<Box>59</Box>
				<Multiplicidad>1</Multiplicidad>
				<Lleno>1</Lleno>
			</DetalleDia>
			<DetalleDia>
				<Hora>19:30</Hora>
				<NombrePaciente>DIAZ V. KATHERINE ELIZABETH</NombrePaciente>
				<CodigoPaciente>2449191</CodigoPaciente>
				<CorrelativoHorario>201415</CorrelativoHorario>
				<Box>59</Box>
				<Multiplicidad>1</Multiplicidad>
				<Lleno>1</Lleno>
			</DetalleDia>
			<DetalleDia>
				<Hora>19:45</Hora>
				<NombrePaciente xml:space="preserve"> </NombrePaciente>
				<CorrelativoHorario>201415</CorrelativoHorario>
				<Box>59</Box>
				<Multiplicidad>1</Multiplicidad>
				<Lleno>0</Lleno>
			</DetalleDia>
		</Fecha>
		<Fecha Estado="0" Dia="18-03-2014">
			<DetalleDia />
		</Fecha>
		<Fecha Estado="1" Dia="19-03-2014">
			<DetalleDia>
				<Hora>13:00</Hora>
				<NombrePaciente>ESPINOZA R. CATALINA CONSUELO</NombrePaciente>
				<CodigoPaciente>2218579</CodigoPaciente>
				<CorrelativoHorario>201416</CorrelativoHorario>
				<Box>59</Box>
				<Multiplicidad>1</Multiplicidad>
				<Lleno>1</Lleno>
			</DetalleDia>
			<DetalleDia>
				<Hora>13:15</Hora>
				<NombrePaciente>REYES L. KARLA EMILLIE</NombrePaciente>
				<CodigoPaciente>3143574</CodigoPaciente>
				<CorrelativoHorario>201416</CorrelativoHorario>
				<Box>59</Box>
				<Multiplicidad>1</Multiplicidad>
				<Lleno>1</Lleno>
			</DetalleDia>
			<DetalleDia>
				<Hora>13:30</Hora>
				<NombrePaciente>LILLO T. MAGALY DEL TRANSITO</NombrePaciente>
				<CodigoPaciente>3141669</CodigoPaciente>
				<CorrelativoHorario>201416</CorrelativoHorario>
				<Box>59</Box>
				<Multiplicidad>1</Multiplicidad>
				<Lleno>1</Lleno>
			</DetalleDia>
			<DetalleDia>
				<Hora>13:45</Hora>
				<NombrePaciente xml:space="preserve"> </NombrePaciente>
				<CorrelativoHorario>201416</CorrelativoHorario>
				<Box>59</Box>
				<Multiplicidad>1</Multiplicidad>
				<Lleno>0</Lleno>
			</DetalleDia>
			<DetalleDia>
				<Hora>14:00</Hora>
				<NombrePaciente xml:space="preserve"> </NombrePaciente>
				<CorrelativoHorario>201416</CorrelativoHorario>
				<Box>59</Box>
				<Multiplicidad>1</Multiplicidad>
				<Lleno>0</Lleno>
			</DetalleDia>
			<DetalleDia>
				<Hora>14:15</Hora>
				<NombrePaciente xml:space="preserve"> </NombrePaciente>
				<CorrelativoHorario>201416</CorrelativoHorario>
				<Box>59</Box>
				<Multiplicidad>1</Multiplicidad>
				<Lleno>0</Lleno>
			</DetalleDia>
			<DetalleDia>
				<Hora>14:30</Hora>
				<NombrePaciente xml:space="preserve"> </NombrePaciente>
				<CorrelativoHorario>201416</CorrelativoHorario>
				<Box>59</Box>
				<Multiplicidad>1</Multiplicidad>
				<Lleno>0</Lleno>
			</DetalleDia>
			<DetalleDia>
				<Hora>14:45</Hora>
				<NombrePaciente xml:space="preserve"> </NombrePaciente>
				<CorrelativoHorario>201416</CorrelativoHorario>
				<Box>59</Box>
				<Multiplicidad>1</Multiplicidad>
				<Lleno>0</Lleno>
			</DetalleDia>
			<DetalleDia>
				<Hora>15:00</Hora>
				<NombrePaciente xml:space="preserve"> </NombrePaciente>
				<CorrelativoHorario>201416</CorrelativoHorario>
				<Box>59</Box>
				<Multiplicidad>1</Multiplicidad>
				<Lleno>0</Lleno>
			</DetalleDia>
			<DetalleDia>
				<Hora>15:15</Hora>
				<NombrePaciente xml:space="preserve"> </NombrePaciente>
				<CorrelativoHorario>201416</CorrelativoHorario>
				<Box>59</Box>
				<Multiplicidad>1</Multiplicidad>
				<Lleno>0</Lleno>
			</DetalleDia>
			<DetalleDia>
				<Hora>15:30</Hora>
				<NombrePaciente xml:space="preserve"> </NombrePaciente>
				<CorrelativoHorario>201416</CorrelativoHorario>
				<Box>59</Box>
				<Multiplicidad>1</Multiplicidad>
				<Lleno>0</Lleno>
			</DetalleDia>
			<DetalleDia>
				<Hora>15:45</Hora>
				<NombrePaciente>RODRIGUEZ M. CONSUELO</NombrePaciente>
				<CodigoPaciente>1589207</CodigoPaciente>
				<CorrelativoHorario>201416</CorrelativoHorario>
				<Box>59</Box>
				<Multiplicidad>1</Multiplicidad>
				<Lleno>1</Lleno>
			</DetalleDia>
		</Fecha>
		<Fecha Estado="1" Dia="20-03-2014">
			<DetalleDia>
				<Hora>16:30</Hora>
				<NombrePaciente xml:space="preserve"> </NombrePaciente>
				<CorrelativoHorario>201417</CorrelativoHorario>
				<Box>59</Box>
				<Multiplicidad>1</Multiplicidad>
				<Lleno>0</Lleno>
			</DetalleDia>
			<DetalleDia>
				<Hora>16:45</Hora>
				<NombrePaciente xml:space="preserve"> </NombrePaciente>
				<CorrelativoHorario>201417</CorrelativoHorario>
				<Box>59</Box>
				<Multiplicidad>1</Multiplicidad>
				<Lleno>0</Lleno>
			</DetalleDia>
			<DetalleDia>
				<Hora>17:00</Hora>
				<NombrePaciente xml:space="preserve"> </NombrePaciente>
				<CorrelativoHorario>201417</CorrelativoHorario>
				<Box>59</Box>
				<Multiplicidad>1</Multiplicidad>
				<Lleno>0</Lleno>
			</DetalleDia>
			<DetalleDia>
				<Hora>17:15</Hora>
				<NombrePaciente>GONZALEZ M. ISABEL PATRICIA</NombrePaciente>
				<CodigoPaciente>2468668</CodigoPaciente>
				<CorrelativoHorario>201417</CorrelativoHorario>
				<Box>59</Box>
				<Multiplicidad>1</Multiplicidad>
				<Lleno>1</Lleno>
			</DetalleDia>
			<DetalleDia>
				<Hora>17:30</Hora>
				<NombrePaciente xml:space="preserve"> </NombrePaciente>
				<CorrelativoHorario>201417</CorrelativoHorario>
				<Box>59</Box>
				<Multiplicidad>1</Multiplicidad>
				<Lleno>0</Lleno>
			</DetalleDia>
			<DetalleDia>
				<Hora>17:45</Hora>
				<NombrePaciente xml:space="preserve"> </NombrePaciente>
				<CorrelativoHorario>201417</CorrelativoHorario>
				<Box>59</Box>
				<Multiplicidad>1</Multiplicidad>
				<Lleno>0</Lleno>
			</DetalleDia>
			<DetalleDia>
				<Hora>18:00</Hora>
				<NombrePaciente>RUIZ G. VANESSA CAROLINA</NombrePaciente>
				<CodigoPaciente>3105523</CodigoPaciente>
				<CorrelativoHorario>201417</CorrelativoHorario>
				<Box>59</Box>
				<Multiplicidad>1</Multiplicidad>
				<Lleno>1</Lleno>
			</DetalleDia>
			<DetalleDia>
				<Hora>18:15</Hora>
				<NombrePaciente xml:space="preserve"> </NombrePaciente>
				<CorrelativoHorario>201417</CorrelativoHorario>
				<Box>59</Box>
				<Multiplicidad>1</Multiplicidad>
				<Lleno>0</Lleno>
			</DetalleDia>
			<DetalleDia>
				<Hora>18:30</Hora>
				<NombrePaciente>PALOMINOS R. MARIA GABRIELA</NombrePaciente>
				<CodigoPaciente>2816332</CodigoPaciente>
				<CorrelativoHorario>201417</CorrelativoHorario>
				<Box>59</Box>
				<Multiplicidad>1</Multiplicidad>
				<Lleno>1</Lleno>
			</DetalleDia>
			<DetalleDia>
				<Hora>18:45</Hora>
				<NombrePaciente xml:space="preserve"> </NombrePaciente>
				<CorrelativoHorario>201417</CorrelativoHorario>
				<Box>59</Box>
				<Multiplicidad>1</Multiplicidad>
				<Lleno>0</Lleno>
			</DetalleDia>
			<DetalleDia>
				<Hora>19:00</Hora>
				<NombrePaciente>TUKI P. TAVAKE</NombrePaciente>
				<CodigoPaciente>1576664</CodigoPaciente>
				<CorrelativoHorario>201417</CorrelativoHorario>
				<Box>59</Box>
				<Multiplicidad>1</Multiplicidad>
				<Lleno>1</Lleno>
			</DetalleDia>
			<DetalleDia>
				<Hora>19:15</Hora>
				<NombrePaciente>RODRIGUEZ N. LISSETTE ALEJANDRA</NombrePaciente>
				<CodigoPaciente>1716922</CodigoPaciente>
				<CorrelativoHorario>201417</CorrelativoHorario>
				<Box>59</Box>
				<Multiplicidad>1</Multiplicidad>
				<Lleno>1</Lleno>
			</DetalleDia>
			<DetalleDia>
				<Hora>19:30</Hora>
				<NombrePaciente>PALOMINO O. KARINA LETICIA</NombrePaciente>
				<CodigoPaciente>1836925</CodigoPaciente>
				<CorrelativoHorario>201417</CorrelativoHorario>
				<Box>59</Box>
				<Multiplicidad>1</Multiplicidad>
				<Lleno>1</Lleno>
			</DetalleDia>
			<DetalleDia>
				<Hora>19:45</Hora>
				<NombrePaciente>CANALES G. NATALIA PAULINA</NombrePaciente>
				<CodigoPaciente>3083285</CodigoPaciente>
				<CorrelativoHorario>201417</CorrelativoHorario>
				<Box>59</Box>
				<Multiplicidad>1</Multiplicidad>
				<Lleno>1</Lleno>
			</DetalleDia>
		</Fecha>
		<Fecha Estado="0" Dia="21-03-2014">
			<DetalleDia />
		</Fecha>
		<Fecha Estado="0" Dia="22-03-2014">
			<DetalleDia />
		</Fecha>
		<Fecha Estado="0" Dia="23-03-2014">
			<DetalleDia />
		</Fecha>
		<Fecha Estado="1" Dia="24-03-2014">
			<DetalleDia>
				<Hora>13:00</Hora>
				<NombrePaciente xml:space="preserve"> </NombrePaciente>
				<CorrelativoHorario>201415</CorrelativoHorario>
				<Box>59</Box>
				<Multiplicidad>1</Multiplicidad>
				<Lleno>0</Lleno>
			</DetalleDia>
			<DetalleDia>
				<Hora>13:15</Hora>
				<NombrePaciente xml:space="preserve"> </NombrePaciente>
				<CorrelativoHorario>201415</CorrelativoHorario>
				<Box>59</Box>
				<Multiplicidad>1</Multiplicidad>
				<Lleno>0</Lleno>
			</DetalleDia>
			<DetalleDia>
				<Hora>13:30</Hora>
				<NombrePaciente xml:space="preserve"> </NombrePaciente>
				<CorrelativoHorario>201415</CorrelativoHorario>
				<Box>59</Box>
				<Multiplicidad>1</Multiplicidad>
				<Lleno>0</Lleno>
			</DetalleDia>
			<DetalleDia>
				<Hora>13:45</Hora>
				<NombrePaciente xml:space="preserve"> </NombrePaciente>
				<CorrelativoHorario>201415</CorrelativoHorario>
				<Box>59</Box>
				<Multiplicidad>1</Multiplicidad>
				<Lleno>0</Lleno>
			</DetalleDia>
			<DetalleDia>
				<Hora>14:00</Hora>
				<NombrePaciente xml:space="preserve"> </NombrePaciente>
				<CorrelativoHorario>201415</CorrelativoHorario>
				<Box>59</Box>
				<Multiplicidad>1</Multiplicidad>
				<Lleno>0</Lleno>
			</DetalleDia>
			<DetalleDia>
				<Hora>14:15</Hora>
				<NombrePaciente xml:space="preserve"> </NombrePaciente>
				<CorrelativoHorario>201415</CorrelativoHorario>
				<Box>59</Box>
				<Multiplicidad>1</Multiplicidad>
				<Lleno>0</Lleno>
			</DetalleDia>
			<DetalleDia>
				<Hora>14:30</Hora>
				<NombrePaciente xml:space="preserve"> </NombrePaciente>
				<CorrelativoHorario>201415</CorrelativoHorario>
				<Box>59</Box>
				<Multiplicidad>1</Multiplicidad>
				<Lleno>0</Lleno>
			</DetalleDia>
			<DetalleDia>
				<Hora>14:45</Hora>
				<NombrePaciente xml:space="preserve"> </NombrePaciente>
				<CorrelativoHorario>201415</CorrelativoHorario>
				<Box>59</Box>
				<Multiplicidad>1</Multiplicidad>
				<Lleno>0</Lleno>
			</DetalleDia>
			<DetalleDia>
				<Hora>15:00</Hora>
				<NombrePaciente xml:space="preserve"> </NombrePaciente>
				<CorrelativoHorario>201415</CorrelativoHorario>
				<Box>59</Box>
				<Multiplicidad>1</Multiplicidad>
				<Lleno>0</Lleno>
			</DetalleDia>
			<DetalleDia>
				<Hora>15:15</Hora>
				<NombrePaciente xml:space="preserve"> </NombrePaciente>
				<CorrelativoHorario>201415</CorrelativoHorario>
				<Box>59</Box>
				<Multiplicidad>1</Multiplicidad>
				<Lleno>0</Lleno>
			</DetalleDia>
			<DetalleDia>
				<Hora>15:30</Hora>
				<NombrePaciente xml:space="preserve"> </NombrePaciente>
				<CorrelativoHorario>201415</CorrelativoHorario>
				<Box>59</Box>
				<Multiplicidad>1</Multiplicidad>
				<Lleno>0</Lleno>
			</DetalleDia>
			<DetalleDia>
				<Hora>15:45</Hora>
				<NombrePaciente xml:space="preserve"> </NombrePaciente>
				<CorrelativoHorario>201415</CorrelativoHorario>
				<Box>59</Box>
				<Multiplicidad>1</Multiplicidad>
				<Lleno>0</Lleno>
			</DetalleDia>
			<DetalleDia>
				<Hora>16:00</Hora>
				<NombrePaciente xml:space="preserve"> </NombrePaciente>
				<CorrelativoHorario>201415</CorrelativoHorario>
				<Box>59</Box>
				<Multiplicidad>1</Multiplicidad>
				<Lleno>0</Lleno>
			</DetalleDia>
			<DetalleDia>
				<Hora>16:15</Hora>
				<NombrePaciente xml:space="preserve"> </NombrePaciente>
				<CorrelativoHorario>201415</CorrelativoHorario>
				<Box>59</Box>
				<Multiplicidad>1</Multiplicidad>
				<Lleno>0</Lleno>
			</DetalleDia>
			<DetalleDia>
				<Hora>16:30</Hora>
				<NombrePaciente xml:space="preserve"> </NombrePaciente>
				<CorrelativoHorario>201415</CorrelativoHorario>
				<Box>59</Box>
				<Multiplicidad>1</Multiplicidad>
				<Lleno>0</Lleno>
			</DetalleDia>
			<DetalleDia>
				<Hora>16:45</Hora>
				<NombrePaciente xml:space="preserve"> </NombrePaciente>
				<CorrelativoHorario>201415</CorrelativoHorario>
				<Box>59</Box>
				<Multiplicidad>1</Multiplicidad>
				<Lleno>0</Lleno>
			</DetalleDia>
			<DetalleDia>
				<Hora>17:00</Hora>
				<NombrePaciente xml:space="preserve"> </NombrePaciente>
				<CorrelativoHorario>201415</CorrelativoHorario>
				<Box>59</Box>
				<Multiplicidad>1</Multiplicidad>
				<Lleno>0</Lleno>
			</DetalleDia>
			<DetalleDia>
				<Hora>17:15</Hora>
				<NombrePaciente xml:space="preserve"> </NombrePaciente>
				<CorrelativoHorario>201415</CorrelativoHorario>
				<Box>59</Box>
				<Multiplicidad>1</Multiplicidad>
				<Lleno>0</Lleno>
			</DetalleDia>
			<DetalleDia>
				<Hora>17:30</Hora>
				<NombrePaciente xml:space="preserve"> </NombrePaciente>
				<CorrelativoHorario>201415</CorrelativoHorario>
				<Box>59</Box>
				<Multiplicidad>1</Multiplicidad>
				<Lleno>0</Lleno>
			</DetalleDia>
			<DetalleDia>
				<Hora>17:45</Hora>
				<NombrePaciente xml:space="preserve"> </NombrePaciente>
				<CorrelativoHorario>201415</CorrelativoHorario>
				<Box>59</Box>
				<Multiplicidad>1</Multiplicidad>
				<Lleno>0</Lleno>
			</DetalleDia>
			<DetalleDia>
				<Hora>18:00</Hora>
				<NombrePaciente xml:space="preserve"> </NombrePaciente>
				<CorrelativoHorario>201415</CorrelativoHorario>
				<Box>59</Box>
				<Multiplicidad>1</Multiplicidad>
				<Lleno>0</Lleno>
			</DetalleDia>
			<DetalleDia>
				<Hora>18:15</Hora>
				<NombrePaciente xml:space="preserve"> </NombrePaciente>
				<CorrelativoHorario>201415</CorrelativoHorario>
				<Box>59</Box>
				<Multiplicidad>1</Multiplicidad>
				<Lleno>0</Lleno>
			</DetalleDia>
			<DetalleDia>
				<Hora>18:30</Hora>
				<NombrePaciente xml:space="preserve"> </NombrePaciente>
				<CorrelativoHorario>201415</CorrelativoHorario>
				<Box>59</Box>
				<Multiplicidad>1</Multiplicidad>
				<Lleno>0</Lleno>
			</DetalleDia>
			<DetalleDia>
				<Hora>18:45</Hora>
				<NombrePaciente xml:space="preserve"> </NombrePaciente>
				<CorrelativoHorario>201415</CorrelativoHorario>
				<Box>59</Box>
				<Multiplicidad>1</Multiplicidad>
				<Lleno>0</Lleno>
			</DetalleDia>
			<DetalleDia>
				<Hora>19:00</Hora>
				<NombrePaciente>GUERRERO S. CRISTINA</NombrePaciente>
				<CodigoPaciente>2092532</CodigoPaciente>
				<CorrelativoHorario>201415</CorrelativoHorario>
				<Box>59</Box>
				<Multiplicidad>1</Multiplicidad>
				<Lleno>1</Lleno>
			</DetalleDia>
			<DetalleDia>
				<Hora>19:15</Hora>
				<NombrePaciente xml:space="preserve"> </NombrePaciente>
				<CorrelativoHorario>201415</CorrelativoHorario>
				<Box>59</Box>
				<Multiplicidad>1</Multiplicidad>
				<Lleno>0</Lleno>
			</DetalleDia>
			<DetalleDia>
				<Hora>19:30</Hora>
				<NombrePaciente>MORALES M. MACARENA DEL CARMEN</NombrePaciente>
				<CodigoPaciente>1774403</CodigoPaciente>
				<CorrelativoHorario>201415</CorrelativoHorario>
				<Box>59</Box>
				<Multiplicidad>1</Multiplicidad>
				<Lleno>1</Lleno>
			</DetalleDia>
			<DetalleDia>
				<Hora>19:45</Hora>
				<NombrePaciente>DIAZ V. KATHERINE ELIZABETH</NombrePaciente>
				<CodigoPaciente>2449191</CodigoPaciente>
				<CorrelativoHorario>201415</CorrelativoHorario>
				<Box>59</Box>
				<Multiplicidad>1</Multiplicidad>
				<Lleno>1</Lleno>
			</DetalleDia>
		</Fecha>
		<Fecha Estado="0" Dia="25-03-2014">
			<DetalleDia />
		</Fecha>
		<Fecha Estado="1" Dia="26-03-2014">
			<DetalleDia>
				<Hora>13:00</Hora>
				<NombrePaciente xml:space="preserve"> </NombrePaciente>
				<CorrelativoHorario>201416</CorrelativoHorario>
				<Box>59</Box>
				<Multiplicidad>1</Multiplicidad>
				<Lleno>0</Lleno>
			</DetalleDia>
			<DetalleDia>
				<Hora>13:15</Hora>
				<NombrePaciente xml:space="preserve"> </NombrePaciente>
				<CorrelativoHorario>201416</CorrelativoHorario>
				<Box>59</Box>
				<Multiplicidad>1</Multiplicidad>
				<Lleno>0</Lleno>
			</DetalleDia>
			<DetalleDia>
				<Hora>13:30</Hora>
				<NombrePaciente xml:space="preserve"> </NombrePaciente>
				<CorrelativoHorario>201416</CorrelativoHorario>
				<Box>59</Box>
				<Multiplicidad>1</Multiplicidad>
				<Lleno>0</Lleno>
			</DetalleDia>
			<DetalleDia>
				<Hora>13:45</Hora>
				<NombrePaciente xml:space="preserve"> </NombrePaciente>
				<CorrelativoHorario>201416</CorrelativoHorario>
				<Box>59</Box>
				<Multiplicidad>1</Multiplicidad>
				<Lleno>0</Lleno>
			</DetalleDia>
			<DetalleDia>
				<Hora>14:00</Hora>
				<NombrePaciente xml:space="preserve"> </NombrePaciente>
				<CorrelativoHorario>201416</CorrelativoHorario>
				<Box>59</Box>
				<Multiplicidad>1</Multiplicidad>
				<Lleno>0</Lleno>
			</DetalleDia>
			<DetalleDia>
				<Hora>14:15</Hora>
				<NombrePaciente xml:space="preserve"> </NombrePaciente>
				<CorrelativoHorario>201416</CorrelativoHorario>
				<Box>59</Box>
				<Multiplicidad>1</Multiplicidad>
				<Lleno>0</Lleno>
			</DetalleDia>
			<DetalleDia>
				<Hora>14:30</Hora>
				<NombrePaciente xml:space="preserve"> </NombrePaciente>
				<CorrelativoHorario>201416</CorrelativoHorario>
				<Box>59</Box>
				<Multiplicidad>1</Multiplicidad>
				<Lleno>0</Lleno>
			</DetalleDia>
			<DetalleDia>
				<Hora>14:45</Hora>
				<NombrePaciente xml:space="preserve"> </NombrePaciente>
				<CorrelativoHorario>201416</CorrelativoHorario>
				<Box>59</Box>
				<Multiplicidad>1</Multiplicidad>
				<Lleno>0</Lleno>
			</DetalleDia>
			<DetalleDia>
				<Hora>15:00</Hora>
				<NombrePaciente xml:space="preserve"> </NombrePaciente>
				<CorrelativoHorario>201416</CorrelativoHorario>
				<Box>59</Box>
				<Multiplicidad>1</Multiplicidad>
				<Lleno>0</Lleno>
			</DetalleDia>
			<DetalleDia>
				<Hora>15:15</Hora>
				<NombrePaciente xml:space="preserve"> </NombrePaciente>
				<CorrelativoHorario>201416</CorrelativoHorario>
				<Box>59</Box>
				<Multiplicidad>1</Multiplicidad>
				<Lleno>0</Lleno>
			</DetalleDia>
			<DetalleDia>
				<Hora>15:30</Hora>
				<NombrePaciente xml:space="preserve"> </NombrePaciente>
				<CorrelativoHorario>201416</CorrelativoHorario>
				<Box>59</Box>
				<Multiplicidad>1</Multiplicidad>
				<Lleno>0</Lleno>
			</DetalleDia>
			<DetalleDia>
				<Hora>15:45</Hora>
				<NombrePaciente xml:space="preserve"> </NombrePaciente>
				<CorrelativoHorario>201416</CorrelativoHorario>
				<Box>59</Box>
				<Multiplicidad>1</Multiplicidad>
				<Lleno>0</Lleno>
			</DetalleDia>
		</Fecha>
		<Fecha Estado="1" Dia="27-03-2014">
			<DetalleDia>
				<Hora>16:30</Hora>
				<NombrePaciente xml:space="preserve"> </NombrePaciente>
				<CorrelativoHorario>201417</CorrelativoHorario>
				<Box>59</Box>
				<Multiplicidad>1</Multiplicidad>
				<Lleno>0</Lleno>
			</DetalleDia>
			<DetalleDia>
				<Hora>16:45</Hora>
				<NombrePaciente xml:space="preserve"> </NombrePaciente>
				<CorrelativoHorario>201417</CorrelativoHorario>
				<Box>59</Box>
				<Multiplicidad>1</Multiplicidad>
				<Lleno>0</Lleno>
			</DetalleDia>
			<DetalleDia>
				<Hora>17:00</Hora>
				<NombrePaciente>SAUBERLICH B. ISABELLA TATIANA</NombrePaciente>
				<CodigoPaciente>3000005</CodigoPaciente>
				<CorrelativoHorario>201417</CorrelativoHorario>
				<Box>59</Box>
				<Multiplicidad>1</Multiplicidad>
				<Lleno>1</Lleno>
			</DetalleDia>
			<DetalleDia>
				<Hora>17:15</Hora>
				<NombrePaciente xml:space="preserve"> </NombrePaciente>
				<CorrelativoHorario>201417</CorrelativoHorario>
				<Box>59</Box>
				<Multiplicidad>1</Multiplicidad>
				<Lleno>0</Lleno>
			</DetalleDia>
			<DetalleDia>
				<Hora>17:30</Hora>
				<NombrePaciente xml:space="preserve"> </NombrePaciente>
				<CorrelativoHorario>201417</CorrelativoHorario>
				<Box>59</Box>
				<Multiplicidad>1</Multiplicidad>
				<Lleno>0</Lleno>
			</DetalleDia>
			<DetalleDia>
				<Hora>17:45</Hora>
				<NombrePaciente xml:space="preserve"> </NombrePaciente>
				<CorrelativoHorario>201417</CorrelativoHorario>
				<Box>59</Box>
				<Multiplicidad>1</Multiplicidad>
				<Lleno>0</Lleno>
			</DetalleDia>
			<DetalleDia>
				<Hora>18:00</Hora>
				<NombrePaciente xml:space="preserve"> </NombrePaciente>
				<CorrelativoHorario>201417</CorrelativoHorario>
				<Box>59</Box>
				<Multiplicidad>1</Multiplicidad>
				<Lleno>0</Lleno>
			</DetalleDia>
			<DetalleDia>
				<Hora>18:15</Hora>
				<NombrePaciente xml:space="preserve"> </NombrePaciente>
				<CorrelativoHorario>201417</CorrelativoHorario>
				<Box>59</Box>
				<Multiplicidad>1</Multiplicidad>
				<Lleno>0</Lleno>
			</DetalleDia>
			<DetalleDia>
				<Hora>18:30</Hora>
				<NombrePaciente xml:space="preserve"> </NombrePaciente>
				<CorrelativoHorario>201417</CorrelativoHorario>
				<Box>59</Box>
				<Multiplicidad>1</Multiplicidad>
				<Lleno>0</Lleno>
			</DetalleDia>
			<DetalleDia>
				<Hora>18:45</Hora>
				<NombrePaciente xml:space="preserve"> </NombrePaciente>
				<CorrelativoHorario>201417</CorrelativoHorario>
				<Box>59</Box>
				<Multiplicidad>1</Multiplicidad>
				<Lleno>0</Lleno>
			</DetalleDia>
			<DetalleDia>
				<Hora>19:00</Hora>
				<NombrePaciente>CORDOVA S. LAURA JACQUELINE</NombrePaciente>
				<CodigoPaciente>184297</CodigoPaciente>
				<CorrelativoHorario>201417</CorrelativoHorario>
				<Box>59</Box>
				<Multiplicidad>1</Multiplicidad>
				<Lleno>1</Lleno>
			</DetalleDia>
			<DetalleDia>
				<Hora>19:15</Hora>
				<NombrePaciente xml:space="preserve"> </NombrePaciente>
				<CorrelativoHorario>201417</CorrelativoHorario>
				<Box>59</Box>
				<Multiplicidad>1</Multiplicidad>
				<Lleno>0</Lleno>
			</DetalleDia>
			<DetalleDia>
				<Hora>19:30</Hora>
				<NombrePaciente>ARANEDA D. LORETO DEL PILAR</NombrePaciente>
				<CodigoPaciente>2358009</CodigoPaciente>
				<CorrelativoHorario>201417</CorrelativoHorario>
				<Box>59</Box>
				<Multiplicidad>1</Multiplicidad>
				<Lleno>1</Lleno>
			</DetalleDia>
			<DetalleDia>
				<Hora>19:45</Hora>
				<NombrePaciente>CANALES G. NATALIA PAULINA</NombrePaciente>
				<CodigoPaciente>3083285</CodigoPaciente>
				<CorrelativoHorario>201417</CorrelativoHorario>
				<Box>59</Box>
				<Multiplicidad>1</Multiplicidad>
				<Lleno>1</Lleno>
			</DetalleDia>
		</Fecha>
		<Fecha Estado="0" Dia="28-03-2014">
			<DetalleDia />
		</Fecha>
		<Fecha Estado="0" Dia="29-03-2014">
			<DetalleDia />
		</Fecha>
		<Fecha Estado="0" Dia="30-03-2014">
			<DetalleDia />
		</Fecha>
		<Fecha Estado="1" Dia="31-03-2014">
			<DetalleDia>
				<Hora>13:00</Hora>
				<NombrePaciente xml:space="preserve"> </NombrePaciente>
				<CorrelativoHorario>201415</CorrelativoHorario>
				<Box>59</Box>
				<Multiplicidad>1</Multiplicidad>
				<Lleno>0</Lleno>
			</DetalleDia>
			<DetalleDia>
				<Hora>13:15</Hora>
				<NombrePaciente xml:space="preserve"> </NombrePaciente>
				<CorrelativoHorario>201415</CorrelativoHorario>
				<Box>59</Box>
				<Multiplicidad>1</Multiplicidad>
				<Lleno>0</Lleno>
			</DetalleDia>
			<DetalleDia>
				<Hora>13:30</Hora>
				<NombrePaciente xml:space="preserve"> </NombrePaciente>
				<CorrelativoHorario>201415</CorrelativoHorario>
				<Box>59</Box>
				<Multiplicidad>1</Multiplicidad>
				<Lleno>0</Lleno>
			</DetalleDia>
			<DetalleDia>
				<Hora>13:45</Hora>
				<NombrePaciente xml:space="preserve"> </NombrePaciente>
				<CorrelativoHorario>201415</CorrelativoHorario>
				<Box>59</Box>
				<Multiplicidad>1</Multiplicidad>
				<Lleno>0</Lleno>
			</DetalleDia>
			<DetalleDia>
				<Hora>14:00</Hora>
				<NombrePaciente>MORENO G. PAULA VERONICA</NombrePaciente>
				<CodigoPaciente>2012268</CodigoPaciente>
				<CorrelativoHorario>201415</CorrelativoHorario>
				<Box>59</Box>
				<Multiplicidad>1</Multiplicidad>
				<Lleno>1</Lleno>
			</DetalleDia>
			<DetalleDia>
				<Hora>14:15</Hora>
				<NombrePaciente xml:space="preserve"> </NombrePaciente>
				<CorrelativoHorario>201415</CorrelativoHorario>
				<Box>59</Box>
				<Multiplicidad>1</Multiplicidad>
				<Lleno>0</Lleno>
			</DetalleDia>
			<DetalleDia>
				<Hora>14:30</Hora>
				<NombrePaciente xml:space="preserve"> </NombrePaciente>
				<CorrelativoHorario>201415</CorrelativoHorario>
				<Box>59</Box>
				<Multiplicidad>1</Multiplicidad>
				<Lleno>0</Lleno>
			</DetalleDia>
			<DetalleDia>
				<Hora>14:45</Hora>
				<NombrePaciente xml:space="preserve"> </NombrePaciente>
				<CorrelativoHorario>201415</CorrelativoHorario>
				<Box>59</Box>
				<Multiplicidad>1</Multiplicidad>
				<Lleno>0</Lleno>
			</DetalleDia>
			<DetalleDia>
				<Hora>15:00</Hora>
				<NombrePaciente xml:space="preserve"> </NombrePaciente>
				<CorrelativoHorario>201415</CorrelativoHorario>
				<Box>59</Box>
				<Multiplicidad>1</Multiplicidad>
				<Lleno>0</Lleno>
			</DetalleDia>
			<DetalleDia>
				<Hora>15:15</Hora>
				<NombrePaciente xml:space="preserve"> </NombrePaciente>
				<CorrelativoHorario>201415</CorrelativoHorario>
				<Box>59</Box>
				<Multiplicidad>1</Multiplicidad>
				<Lleno>0</Lleno>
			</DetalleDia>
			<DetalleDia>
				<Hora>15:30</Hora>
				<NombrePaciente xml:space="preserve"> </NombrePaciente>
				<CorrelativoHorario>201415</CorrelativoHorario>
				<Box>59</Box>
				<Multiplicidad>1</Multiplicidad>
				<Lleno>0</Lleno>
			</DetalleDia>
			<DetalleDia>
				<Hora>15:45</Hora>
				<NombrePaciente xml:space="preserve"> </NombrePaciente>
				<CorrelativoHorario>201415</CorrelativoHorario>
				<Box>59</Box>
				<Multiplicidad>1</Multiplicidad>
				<Lleno>0</Lleno>
			</DetalleDia>
			<DetalleDia>
				<Hora>16:00</Hora>
				<NombrePaciente xml:space="preserve"> </NombrePaciente>
				<CorrelativoHorario>201415</CorrelativoHorario>
				<Box>59</Box>
				<Multiplicidad>1</Multiplicidad>
				<Lleno>0</Lleno>
			</DetalleDia>
			<DetalleDia>
				<Hora>16:15</Hora>
				<NombrePaciente xml:space="preserve"> </NombrePaciente>
				<CorrelativoHorario>201415</CorrelativoHorario>
				<Box>59</Box>
				<Multiplicidad>1</Multiplicidad>
				<Lleno>0</Lleno>
			</DetalleDia>
			<DetalleDia>
				<Hora>16:30</Hora>
				<NombrePaciente xml:space="preserve"> </NombrePaciente>
				<CorrelativoHorario>201415</CorrelativoHorario>
				<Box>59</Box>
				<Multiplicidad>1</Multiplicidad>
				<Lleno>0</Lleno>
			</DetalleDia>
			<DetalleDia>
				<Hora>16:45</Hora>
				<NombrePaciente xml:space="preserve"> </NombrePaciente>
				<CorrelativoHorario>201415</CorrelativoHorario>
				<Box>59</Box>
				<Multiplicidad>1</Multiplicidad>
				<Lleno>0</Lleno>
			</DetalleDia>
			<DetalleDia>
				<Hora>17:00</Hora>
				<NombrePaciente xml:space="preserve"> </NombrePaciente>
				<CorrelativoHorario>201415</CorrelativoHorario>
				<Box>59</Box>
				<Multiplicidad>1</Multiplicidad>
				<Lleno>0</Lleno>
			</DetalleDia>
			<DetalleDia>
				<Hora>17:15</Hora>
				<NombrePaciente xml:space="preserve"> </NombrePaciente>
				<CorrelativoHorario>201415</CorrelativoHorario>
				<Box>59</Box>
				<Multiplicidad>1</Multiplicidad>
				<Lleno>0</Lleno>
			</DetalleDia>
			<DetalleDia>
				<Hora>17:30</Hora>
				<NombrePaciente xml:space="preserve"> </NombrePaciente>
				<CorrelativoHorario>201415</CorrelativoHorario>
				<Box>59</Box>
				<Multiplicidad>1</Multiplicidad>
				<Lleno>0</Lleno>
			</DetalleDia>
			<DetalleDia>
				<Hora>17:45</Hora>
				<NombrePaciente xml:space="preserve"> </NombrePaciente>
				<CorrelativoHorario>201415</CorrelativoHorario>
				<Box>59</Box>
				<Multiplicidad>1</Multiplicidad>
				<Lleno>0</Lleno>
			</DetalleDia>
			<DetalleDia>
				<Hora>18:00</Hora>
				<NombrePaciente xml:space="preserve"> </NombrePaciente>
				<CorrelativoHorario>201415</CorrelativoHorario>
				<Box>59</Box>
				<Multiplicidad>1</Multiplicidad>
				<Lleno>0</Lleno>
			</DetalleDia>
			<DetalleDia>
				<Hora>18:15</Hora>
				<NombrePaciente xml:space="preserve"> </NombrePaciente>
				<CorrelativoHorario>201415</CorrelativoHorario>
				<Box>59</Box>
				<Multiplicidad>1</Multiplicidad>
				<Lleno>0</Lleno>
			</DetalleDia>
			<DetalleDia>
				<Hora>18:30</Hora>
				<NombrePaciente xml:space="preserve"> </NombrePaciente>
				<CorrelativoHorario>201415</CorrelativoHorario>
				<Box>59</Box>
				<Multiplicidad>1</Multiplicidad>
				<Lleno>0</Lleno>
			</DetalleDia>
			<DetalleDia>
				<Hora>18:45</Hora>
				<NombrePaciente>PALOMINOS R. MARIA GABRIELA</NombrePaciente>
				<CodigoPaciente>2816332</CodigoPaciente>
				<CorrelativoHorario>201415</CorrelativoHorario>
				<Box>59</Box>
				<Multiplicidad>1</Multiplicidad>
				<Lleno>1</Lleno>
			</DetalleDia>
			<DetalleDia>
				<Hora>19:00</Hora>
				<NombrePaciente>GUARDIA L. CAROLINA ANDREA</NombrePaciente>
				<CodigoPaciente>2238960</CodigoPaciente>
				<CorrelativoHorario>201415</CorrelativoHorario>
				<Box>59</Box>
				<Multiplicidad>1</Multiplicidad>
				<Lleno>1</Lleno>
			</DetalleDia>
			<DetalleDia>
				<Hora>19:15</Hora>
				<NombrePaciente xml:space="preserve"> </NombrePaciente>
				<CorrelativoHorario>201415</CorrelativoHorario>
				<Box>59</Box>
				<Multiplicidad>1</Multiplicidad>
				<Lleno>0</Lleno>
			</DetalleDia>
			<DetalleDia>
				<Hora>19:30</Hora>
				<NombrePaciente xml:space="preserve"> </NombrePaciente>
				<CorrelativoHorario>201415</CorrelativoHorario>
				<Box>59</Box>
				<Multiplicidad>1</Multiplicidad>
				<Lleno>0</Lleno>
			</DetalleDia>
			<DetalleDia>
				<Hora>19:45</Hora>
				<NombrePaciente>DIAZ V. KATHERINE ELIZABETH</NombrePaciente>
				<CodigoPaciente>2449191</CodigoPaciente>
				<CorrelativoHorario>201415</CorrelativoHorario>
				<Box>59</Box>
				<Multiplicidad>1</Multiplicidad>
				<Lleno>1</Lleno>
			</DetalleDia>
		</Fecha>
		<Fecha Estado="0" Dia="01-04-2014">
			<DetalleDia />
		</Fecha>
		<Fecha Estado="1" Dia="02-04-2014">
			<DetalleDia>
				<Hora>13:00</Hora>
				<NombrePaciente xml:space="preserve"> </NombrePaciente>
				<CorrelativoHorario>201416</CorrelativoHorario>
				<Box>59</Box>
				<Multiplicidad>1</Multiplicidad>
				<Lleno>0</Lleno>
			</DetalleDia>
			<DetalleDia>
				<Hora>13:15</Hora>
				<NombrePaciente xml:space="preserve"> </NombrePaciente>
				<CorrelativoHorario>201416</CorrelativoHorario>
				<Box>59</Box>
				<Multiplicidad>1</Multiplicidad>
				<Lleno>0</Lleno>
			</DetalleDia>
			<DetalleDia>
				<Hora>13:30</Hora>
				<NombrePaciente xml:space="preserve"> </NombrePaciente>
				<CorrelativoHorario>201416</CorrelativoHorario>
				<Box>59</Box>
				<Multiplicidad>1</Multiplicidad>
				<Lleno>0</Lleno>
			</DetalleDia>
			<DetalleDia>
				<Hora>13:45</Hora>
				<NombrePaciente xml:space="preserve"> </NombrePaciente>
				<CorrelativoHorario>201416</CorrelativoHorario>
				<Box>59</Box>
				<Multiplicidad>1</Multiplicidad>
				<Lleno>0</Lleno>
			</DetalleDia>
			<DetalleDia>
				<Hora>14:00</Hora>
				<NombrePaciente xml:space="preserve"> </NombrePaciente>
				<CorrelativoHorario>201416</CorrelativoHorario>
				<Box>59</Box>
				<Multiplicidad>1</Multiplicidad>
				<Lleno>0</Lleno>
			</DetalleDia>
			<DetalleDia>
				<Hora>14:15</Hora>
				<NombrePaciente xml:space="preserve"> </NombrePaciente>
				<CorrelativoHorario>201416</CorrelativoHorario>
				<Box>59</Box>
				<Multiplicidad>1</Multiplicidad>
				<Lleno>0</Lleno>
			</DetalleDia>
			<DetalleDia>
				<Hora>14:30</Hora>
				<NombrePaciente xml:space="preserve"> </NombrePaciente>
				<CorrelativoHorario>201416</CorrelativoHorario>
				<Box>59</Box>
				<Multiplicidad>1</Multiplicidad>
				<Lleno>0</Lleno>
			</DetalleDia>
			<DetalleDia>
				<Hora>14:45</Hora>
				<NombrePaciente xml:space="preserve"> </NombrePaciente>
				<CorrelativoHorario>201416</CorrelativoHorario>
				<Box>59</Box>
				<Multiplicidad>1</Multiplicidad>
				<Lleno>0</Lleno>
			</DetalleDia>
			<DetalleDia>
				<Hora>15:00</Hora>
				<NombrePaciente xml:space="preserve"> </NombrePaciente>
				<CorrelativoHorario>201416</CorrelativoHorario>
				<Box>59</Box>
				<Multiplicidad>1</Multiplicidad>
				<Lleno>0</Lleno>
			</DetalleDia>
			<DetalleDia>
				<Hora>15:15</Hora>
				<NombrePaciente xml:space="preserve"> </NombrePaciente>
				<CorrelativoHorario>201416</CorrelativoHorario>
				<Box>59</Box>
				<Multiplicidad>1</Multiplicidad>
				<Lleno>0</Lleno>
			</DetalleDia>
			<DetalleDia>
				<Hora>15:30</Hora>
				<NombrePaciente xml:space="preserve"> </NombrePaciente>
				<CorrelativoHorario>201416</CorrelativoHorario>
				<Box>59</Box>
				<Multiplicidad>1</Multiplicidad>
				<Lleno>0</Lleno>
			</DetalleDia>
			<DetalleDia>
				<Hora>15:45</Hora>
				<NombrePaciente xml:space="preserve"> </NombrePaciente>
				<CorrelativoHorario>201416</CorrelativoHorario>
				<Box>59</Box>
				<Multiplicidad>1</Multiplicidad>
				<Lleno>0</Lleno>
			</DetalleDia>
		</Fecha>
		<Fecha Estado="1" Dia="03-04-2014">
			<DetalleDia>
				<Hora>16:30</Hora>
				<NombrePaciente xml:space="preserve"> </NombrePaciente>
				<CorrelativoHorario>201417</CorrelativoHorario>
				<Box>59</Box>
				<Multiplicidad>1</Multiplicidad>
				<Lleno>0</Lleno>
			</DetalleDia>
			<DetalleDia>
				<Hora>16:45</Hora>
				<NombrePaciente xml:space="preserve"> </NombrePaciente>
				<CorrelativoHorario>201417</CorrelativoHorario>
				<Box>59</Box>
				<Multiplicidad>1</Multiplicidad>
				<Lleno>0</Lleno>
			</DetalleDia>
			<DetalleDia>
				<Hora>17:00</Hora>
				<NombrePaciente xml:space="preserve"> </NombrePaciente>
				<CorrelativoHorario>201417</CorrelativoHorario>
				<Box>59</Box>
				<Multiplicidad>1</Multiplicidad>
				<Lleno>0</Lleno>
			</DetalleDia>
			<DetalleDia>
				<Hora>17:15</Hora>
				<NombrePaciente xml:space="preserve"> </NombrePaciente>
				<CorrelativoHorario>201417</CorrelativoHorario>
				<Box>59</Box>
				<Multiplicidad>1</Multiplicidad>
				<Lleno>0</Lleno>
			</DetalleDia>
			<DetalleDia>
				<Hora>17:30</Hora>
				<NombrePaciente xml:space="preserve"> </NombrePaciente>
				<CorrelativoHorario>201417</CorrelativoHorario>
				<Box>59</Box>
				<Multiplicidad>1</Multiplicidad>
				<Lleno>0</Lleno>
			</DetalleDia>
			<DetalleDia>
				<Hora>17:45</Hora>
				<NombrePaciente xml:space="preserve"> </NombrePaciente>
				<CorrelativoHorario>201417</CorrelativoHorario>
				<Box>59</Box>
				<Multiplicidad>1</Multiplicidad>
				<Lleno>0</Lleno>
			</DetalleDia>
			<DetalleDia>
				<Hora>18:00</Hora>
				<NombrePaciente xml:space="preserve"> </NombrePaciente>
				<CorrelativoHorario>201417</CorrelativoHorario>
				<Box>59</Box>
				<Multiplicidad>1</Multiplicidad>
				<Lleno>0</Lleno>
			</DetalleDia>
			<DetalleDia>
				<Hora>18:15</Hora>
				<NombrePaciente xml:space="preserve"> </NombrePaciente>
				<CorrelativoHorario>201417</CorrelativoHorario>
				<Box>59</Box>
				<Multiplicidad>1</Multiplicidad>
				<Lleno>0</Lleno>
			</DetalleDia>
			<DetalleDia>
				<Hora>18:30</Hora>
				<NombrePaciente xml:space="preserve"> </NombrePaciente>
				<CorrelativoHorario>201417</CorrelativoHorario>
				<Box>59</Box>
				<Multiplicidad>1</Multiplicidad>
				<Lleno>0</Lleno>
			</DetalleDia>
			<DetalleDia>
				<Hora>18:45</Hora>
				<NombrePaciente xml:space="preserve"> </NombrePaciente>
				<CorrelativoHorario>201417</CorrelativoHorario>
				<Box>59</Box>
				<Multiplicidad>1</Multiplicidad>
				<Lleno>0</Lleno>
			</DetalleDia>
			<DetalleDia>
				<Hora>19:00</Hora>
				<NombrePaciente xml:space="preserve"> </NombrePaciente>
				<CorrelativoHorario>201417</CorrelativoHorario>
				<Box>59</Box>
				<Multiplicidad>1</Multiplicidad>
				<Lleno>0</Lleno>
			</DetalleDia>
			<DetalleDia>
				<Hora>19:15</Hora>
				<NombrePaciente xml:space="preserve"> </NombrePaciente>
				<CorrelativoHorario>201417</CorrelativoHorario>
				<Box>59</Box>
				<Multiplicidad>1</Multiplicidad>
				<Lleno>0</Lleno>
			</DetalleDia>
			<DetalleDia>
				<Hora>19:30</Hora>
				<NombrePaciente xml:space="preserve"> </NombrePaciente>
				<CorrelativoHorario>201417</CorrelativoHorario>
				<Box>59</Box>
				<Multiplicidad>1</Multiplicidad>
				<Lleno>0</Lleno>
			</DetalleDia>
			<DetalleDia>
				<Hora>19:45</Hora>
				<NombrePaciente xml:space="preserve"> </NombrePaciente>
				<CorrelativoHorario>201417</CorrelativoHorario>
				<Box>59</Box>
				<Multiplicidad>1</Multiplicidad>
				<Lleno>0</Lleno>
			</DetalleDia>
		</Fecha>
		<Fecha Estado="0" Dia="04-04-2014">
			<DetalleDia />
		</Fecha>
		<Fecha Estado="0" Dia="05-04-2014">
			<DetalleDia />
		</Fecha>
		<Fecha Estado="0" Dia="06-04-2014">
			<DetalleDia />
		</Fecha>
		<Fecha Estado="1" Dia="07-04-2014">
			<DetalleDia>
				<Hora>13:00</Hora>
				<NombrePaciente xml:space="preserve"> </NombrePaciente>
				<CorrelativoHorario>201415</CorrelativoHorario>
				<Box>59</Box>
				<Multiplicidad>1</Multiplicidad>
				<Lleno>0</Lleno>
			</DetalleDia>
			<DetalleDia>
				<Hora>13:15</Hora>
				<NombrePaciente xml:space="preserve"> </NombrePaciente>
				<CorrelativoHorario>201415</CorrelativoHorario>
				<Box>59</Box>
				<Multiplicidad>1</Multiplicidad>
				<Lleno>0</Lleno>
			</DetalleDia>
			<DetalleDia>
				<Hora>13:30</Hora>
				<NombrePaciente xml:space="preserve"> </NombrePaciente>
				<CorrelativoHorario>201415</CorrelativoHorario>
				<Box>59</Box>
				<Multiplicidad>1</Multiplicidad>
				<Lleno>0</Lleno>
			</DetalleDia>
			<DetalleDia>
				<Hora>13:45</Hora>
				<NombrePaciente xml:space="preserve"> </NombrePaciente>
				<CorrelativoHorario>201415</CorrelativoHorario>
				<Box>59</Box>
				<Multiplicidad>1</Multiplicidad>
				<Lleno>0</Lleno>
			</DetalleDia>
			<DetalleDia>
				<Hora>14:00</Hora>
				<NombrePaciente xml:space="preserve"> </NombrePaciente>
				<CorrelativoHorario>201415</CorrelativoHorario>
				<Box>59</Box>
				<Multiplicidad>1</Multiplicidad>
				<Lleno>0</Lleno>
			</DetalleDia>
			<DetalleDia>
				<Hora>14:15</Hora>
				<NombrePaciente xml:space="preserve"> </NombrePaciente>
				<CorrelativoHorario>201415</CorrelativoHorario>
				<Box>59</Box>
				<Multiplicidad>1</Multiplicidad>
				<Lleno>0</Lleno>
			</DetalleDia>
			<DetalleDia>
				<Hora>14:30</Hora>
				<NombrePaciente xml:space="preserve"> </NombrePaciente>
				<CorrelativoHorario>201415</CorrelativoHorario>
				<Box>59</Box>
				<Multiplicidad>1</Multiplicidad>
				<Lleno>0</Lleno>
			</DetalleDia>
			<DetalleDia>
				<Hora>14:45</Hora>
				<NombrePaciente xml:space="preserve"> </NombrePaciente>
				<CorrelativoHorario>201415</CorrelativoHorario>
				<Box>59</Box>
				<Multiplicidad>1</Multiplicidad>
				<Lleno>0</Lleno>
			</DetalleDia>
			<DetalleDia>
				<Hora>15:00</Hora>
				<NombrePaciente xml:space="preserve"> </NombrePaciente>
				<CorrelativoHorario>201415</CorrelativoHorario>
				<Box>59</Box>
				<Multiplicidad>1</Multiplicidad>
				<Lleno>0</Lleno>
			</DetalleDia>
			<DetalleDia>
				<Hora>15:15</Hora>
				<NombrePaciente xml:space="preserve"> </NombrePaciente>
				<CorrelativoHorario>201415</CorrelativoHorario>
				<Box>59</Box>
				<Multiplicidad>1</Multiplicidad>
				<Lleno>0</Lleno>
			</DetalleDia>
			<DetalleDia>
				<Hora>15:30</Hora>
				<NombrePaciente xml:space="preserve"> </NombrePaciente>
				<CorrelativoHorario>201415</CorrelativoHorario>
				<Box>59</Box>
				<Multiplicidad>1</Multiplicidad>
				<Lleno>0</Lleno>
			</DetalleDia>
			<DetalleDia>
				<Hora>15:45</Hora>
				<NombrePaciente xml:space="preserve"> </NombrePaciente>
				<CorrelativoHorario>201415</CorrelativoHorario>
				<Box>59</Box>
				<Multiplicidad>1</Multiplicidad>
				<Lleno>0</Lleno>
			</DetalleDia>
			<DetalleDia>
				<Hora>16:00</Hora>
				<NombrePaciente xml:space="preserve"> </NombrePaciente>
				<CorrelativoHorario>201415</CorrelativoHorario>
				<Box>59</Box>
				<Multiplicidad>1</Multiplicidad>
				<Lleno>0</Lleno>
			</DetalleDia>
			<DetalleDia>
				<Hora>16:15</Hora>
				<NombrePaciente xml:space="preserve"> </NombrePaciente>
				<CorrelativoHorario>201415</CorrelativoHorario>
				<Box>59</Box>
				<Multiplicidad>1</Multiplicidad>
				<Lleno>0</Lleno>
			</DetalleDia>
			<DetalleDia>
				<Hora>16:30</Hora>
				<NombrePaciente xml:space="preserve"> </NombrePaciente>
				<CorrelativoHorario>201415</CorrelativoHorario>
				<Box>59</Box>
				<Multiplicidad>1</Multiplicidad>
				<Lleno>0</Lleno>
			</DetalleDia>
			<DetalleDia>
				<Hora>16:45</Hora>
				<NombrePaciente xml:space="preserve"> </NombrePaciente>
				<CorrelativoHorario>201415</CorrelativoHorario>
				<Box>59</Box>
				<Multiplicidad>1</Multiplicidad>
				<Lleno>0</Lleno>
			</DetalleDia>
			<DetalleDia>
				<Hora>17:00</Hora>
				<NombrePaciente xml:space="preserve"> </NombrePaciente>
				<CorrelativoHorario>201415</CorrelativoHorario>
				<Box>59</Box>
				<Multiplicidad>1</Multiplicidad>
				<Lleno>0</Lleno>
			</DetalleDia>
			<DetalleDia>
				<Hora>17:15</Hora>
				<NombrePaciente xml:space="preserve"> </NombrePaciente>
				<CorrelativoHorario>201415</CorrelativoHorario>
				<Box>59</Box>
				<Multiplicidad>1</Multiplicidad>
				<Lleno>0</Lleno>
			</DetalleDia>
			<DetalleDia>
				<Hora>17:30</Hora>
				<NombrePaciente xml:space="preserve"> </NombrePaciente>
				<CorrelativoHorario>201415</CorrelativoHorario>
				<Box>59</Box>
				<Multiplicidad>1</Multiplicidad>
				<Lleno>0</Lleno>
			</DetalleDia>
			<DetalleDia>
				<Hora>17:45</Hora>
				<NombrePaciente xml:space="preserve"> </NombrePaciente>
				<CorrelativoHorario>201415</CorrelativoHorario>
				<Box>59</Box>
				<Multiplicidad>1</Multiplicidad>
				<Lleno>0</Lleno>
			</DetalleDia>
			<DetalleDia>
				<Hora>18:00</Hora>
				<NombrePaciente xml:space="preserve"> </NombrePaciente>
				<CorrelativoHorario>201415</CorrelativoHorario>
				<Box>59</Box>
				<Multiplicidad>1</Multiplicidad>
				<Lleno>0</Lleno>
			</DetalleDia>
			<DetalleDia>
				<Hora>18:15</Hora>
				<NombrePaciente xml:space="preserve"> </NombrePaciente>
				<CorrelativoHorario>201415</CorrelativoHorario>
				<Box>59</Box>
				<Multiplicidad>1</Multiplicidad>
				<Lleno>0</Lleno>
			</DetalleDia>
			<DetalleDia>
				<Hora>18:30</Hora>
				<NombrePaciente xml:space="preserve"> </NombrePaciente>
				<CorrelativoHorario>201415</CorrelativoHorario>
				<Box>59</Box>
				<Multiplicidad>1</Multiplicidad>
				<Lleno>0</Lleno>
			</DetalleDia>
			<DetalleDia>
				<Hora>18:45</Hora>
				<NombrePaciente xml:space="preserve"> </NombrePaciente>
				<CorrelativoHorario>201415</CorrelativoHorario>
				<Box>59</Box>
				<Multiplicidad>1</Multiplicidad>
				<Lleno>0</Lleno>
			</DetalleDia>
			<DetalleDia>
				<Hora>19:00</Hora>
				<NombrePaciente xml:space="preserve"> </NombrePaciente>
				<CorrelativoHorario>201415</CorrelativoHorario>
				<Box>59</Box>
				<Multiplicidad>1</Multiplicidad>
				<Lleno>0</Lleno>
			</DetalleDia>
			<DetalleDia>
				<Hora>19:15</Hora>
				<NombrePaciente xml:space="preserve"> </NombrePaciente>
				<CorrelativoHorario>201415</CorrelativoHorario>
				<Box>59</Box>
				<Multiplicidad>1</Multiplicidad>
				<Lleno>0</Lleno>
			</DetalleDia>
			<DetalleDia>
				<Hora>19:30</Hora>
				<NombrePaciente xml:space="preserve"> </NombrePaciente>
				<CorrelativoHorario>201415</CorrelativoHorario>
				<Box>59</Box>
				<Multiplicidad>1</Multiplicidad>
				<Lleno>0</Lleno>
			</DetalleDia>
			<DetalleDia>
				<Hora>19:45</Hora>
				<NombrePaciente xml:space="preserve"> </NombrePaciente>
				<CorrelativoHorario>201415</CorrelativoHorario>
				<Box>59</Box>
				<Multiplicidad>1</Multiplicidad>
				<Lleno>0</Lleno>
			</DetalleDia>
		</Fecha>
		<Fecha Estado="0" Dia="08-04-2014">
			<DetalleDia />
		</Fecha>
		<Fecha Estado="1" Dia="09-04-2014">
			<DetalleDia>
				<Hora>13:00</Hora>
				<NombrePaciente xml:space="preserve"> </NombrePaciente>
				<CorrelativoHorario>201416</CorrelativoHorario>
				<Box>59</Box>
				<Multiplicidad>1</Multiplicidad>
				<Lleno>0</Lleno>
			</DetalleDia>
			<DetalleDia>
				<Hora>13:15</Hora>
				<NombrePaciente xml:space="preserve"> </NombrePaciente>
				<CorrelativoHorario>201416</CorrelativoHorario>
				<Box>59</Box>
				<Multiplicidad>1</Multiplicidad>
				<Lleno>0</Lleno>
			</DetalleDia>
			<DetalleDia>
				<Hora>13:30</Hora>
				<NombrePaciente xml:space="preserve"> </NombrePaciente>
				<CorrelativoHorario>201416</CorrelativoHorario>
				<Box>59</Box>
				<Multiplicidad>1</Multiplicidad>
				<Lleno>0</Lleno>
			</DetalleDia>
			<DetalleDia>
				<Hora>13:45</Hora>
				<NombrePaciente xml:space="preserve"> </NombrePaciente>
				<CorrelativoHorario>201416</CorrelativoHorario>
				<Box>59</Box>
				<Multiplicidad>1</Multiplicidad>
				<Lleno>0</Lleno>
			</DetalleDia>
			<DetalleDia>
				<Hora>14:00</Hora>
				<NombrePaciente xml:space="preserve"> </NombrePaciente>
				<CorrelativoHorario>201416</CorrelativoHorario>
				<Box>59</Box>
				<Multiplicidad>1</Multiplicidad>
				<Lleno>0</Lleno>
			</DetalleDia>
			<DetalleDia>
				<Hora>14:15</Hora>
				<NombrePaciente xml:space="preserve"> </NombrePaciente>
				<CorrelativoHorario>201416</CorrelativoHorario>
				<Box>59</Box>
				<Multiplicidad>1</Multiplicidad>
				<Lleno>0</Lleno>
			</DetalleDia>
			<DetalleDia>
				<Hora>14:30</Hora>
				<NombrePaciente xml:space="preserve"> </NombrePaciente>
				<CorrelativoHorario>201416</CorrelativoHorario>
				<Box>59</Box>
				<Multiplicidad>1</Multiplicidad>
				<Lleno>0</Lleno>
			</DetalleDia>
			<DetalleDia>
				<Hora>14:45</Hora>
				<NombrePaciente xml:space="preserve"> </NombrePaciente>
				<CorrelativoHorario>201416</CorrelativoHorario>
				<Box>59</Box>
				<Multiplicidad>1</Multiplicidad>
				<Lleno>0</Lleno>
			</DetalleDia>
			<DetalleDia>
				<Hora>15:00</Hora>
				<NombrePaciente xml:space="preserve"> </NombrePaciente>
				<CorrelativoHorario>201416</CorrelativoHorario>
				<Box>59</Box>
				<Multiplicidad>1</Multiplicidad>
				<Lleno>0</Lleno>
			</DetalleDia>
			<DetalleDia>
				<Hora>15:15</Hora>
				<NombrePaciente xml:space="preserve"> </NombrePaciente>
				<CorrelativoHorario>201416</CorrelativoHorario>
				<Box>59</Box>
				<Multiplicidad>1</Multiplicidad>
				<Lleno>0</Lleno>
			</DetalleDia>
			<DetalleDia>
				<Hora>15:30</Hora>
				<NombrePaciente xml:space="preserve"> </NombrePaciente>
				<CorrelativoHorario>201416</CorrelativoHorario>
				<Box>59</Box>
				<Multiplicidad>1</Multiplicidad>
				<Lleno>0</Lleno>
			</DetalleDia>
			<DetalleDia>
				<Hora>15:45</Hora>
				<NombrePaciente xml:space="preserve"> </NombrePaciente>
				<CorrelativoHorario>201416</CorrelativoHorario>
				<Box>59</Box>
				<Multiplicidad>1</Multiplicidad>
				<Lleno>0</Lleno>
			</DetalleDia>
		</Fecha>
		<Fecha Estado="1" Dia="10-04-2014">
			<DetalleDia>
				<Hora>16:30</Hora>
				<NombrePaciente xml:space="preserve"> </NombrePaciente>
				<CorrelativoHorario>201417</CorrelativoHorario>
				<Box>59</Box>
				<Multiplicidad>1</Multiplicidad>
				<Lleno>0</Lleno>
			</DetalleDia>
			<DetalleDia>
				<Hora>16:45</Hora>
				<NombrePaciente xml:space="preserve"> </NombrePaciente>
				<CorrelativoHorario>201417</CorrelativoHorario>
				<Box>59</Box>
				<Multiplicidad>1</Multiplicidad>
				<Lleno>0</Lleno>
			</DetalleDia>
			<DetalleDia>
				<Hora>17:00</Hora>
				<NombrePaciente xml:space="preserve"> </NombrePaciente>
				<CorrelativoHorario>201417</CorrelativoHorario>
				<Box>59</Box>
				<Multiplicidad>1</Multiplicidad>
				<Lleno>0</Lleno>
			</DetalleDia>
			<DetalleDia>
				<Hora>17:15</Hora>
				<NombrePaciente xml:space="preserve"> </NombrePaciente>
				<CorrelativoHorario>201417</CorrelativoHorario>
				<Box>59</Box>
				<Multiplicidad>1</Multiplicidad>
				<Lleno>0</Lleno>
			</DetalleDia>
			<DetalleDia>
				<Hora>17:30</Hora>
				<NombrePaciente xml:space="preserve"> </NombrePaciente>
				<CorrelativoHorario>201417</CorrelativoHorario>
				<Box>59</Box>
				<Multiplicidad>1</Multiplicidad>
				<Lleno>0</Lleno>
			</DetalleDia>
			<DetalleDia>
				<Hora>17:45</Hora>
				<NombrePaciente xml:space="preserve"> </NombrePaciente>
				<CorrelativoHorario>201417</CorrelativoHorario>
				<Box>59</Box>
				<Multiplicidad>1</Multiplicidad>
				<Lleno>0</Lleno>
			</DetalleDia>
			<DetalleDia>
				<Hora>18:00</Hora>
				<NombrePaciente xml:space="preserve"> </NombrePaciente>
				<CorrelativoHorario>201417</CorrelativoHorario>
				<Box>59</Box>
				<Multiplicidad>1</Multiplicidad>
				<Lleno>0</Lleno>
			</DetalleDia>
			<DetalleDia>
				<Hora>18:15</Hora>
				<NombrePaciente xml:space="preserve"> </NombrePaciente>
				<CorrelativoHorario>201417</CorrelativoHorario>
				<Box>59</Box>
				<Multiplicidad>1</Multiplicidad>
				<Lleno>0</Lleno>
			</DetalleDia>
			<DetalleDia>
				<Hora>18:30</Hora>
				<NombrePaciente xml:space="preserve"> </NombrePaciente>
				<CorrelativoHorario>201417</CorrelativoHorario>
				<Box>59</Box>
				<Multiplicidad>1</Multiplicidad>
				<Lleno>0</Lleno>
			</DetalleDia>
			<DetalleDia>
				<Hora>18:45</Hora>
				<NombrePaciente xml:space="preserve"> </NombrePaciente>
				<CorrelativoHorario>201417</CorrelativoHorario>
				<Box>59</Box>
				<Multiplicidad>1</Multiplicidad>
				<Lleno>0</Lleno>
			</DetalleDia>
			<DetalleDia>
				<Hora>19:00</Hora>
				<NombrePaciente xml:space="preserve"> </NombrePaciente>
				<CorrelativoHorario>201417</CorrelativoHorario>
				<Box>59</Box>
				<Multiplicidad>1</Multiplicidad>
				<Lleno>0</Lleno>
			</DetalleDia>
			<DetalleDia>
				<Hora>19:15</Hora>
				<NombrePaciente xml:space="preserve"> </NombrePaciente>
				<CorrelativoHorario>201417</CorrelativoHorario>
				<Box>59</Box>
				<Multiplicidad>1</Multiplicidad>
				<Lleno>0</Lleno>
			</DetalleDia>
			<DetalleDia>
				<Hora>19:30</Hora>
				<NombrePaciente xml:space="preserve"> </NombrePaciente>
				<CorrelativoHorario>201417</CorrelativoHorario>
				<Box>59</Box>
				<Multiplicidad>1</Multiplicidad>
				<Lleno>0</Lleno>
			</DetalleDia>
			<DetalleDia>
				<Hora>19:45</Hora>
				<NombrePaciente xml:space="preserve"> </NombrePaciente>
				<CorrelativoHorario>201417</CorrelativoHorario>
				<Box>59</Box>
				<Multiplicidad>1</Multiplicidad>
				<Lleno>0</Lleno>
			</DetalleDia>
		</Fecha>
		<Fecha Estado="0" Dia="11-04-2014">
			<DetalleDia />
		</Fecha>
		<Fecha Estado="0" Dia="12-04-2014">
			<DetalleDia />
		</Fecha>
	</CalendarioProfesiona>
</XML>