[{"value":"32701180","name":"ALERGIA E INMUNOLOGIA ADULTO"},{"value":"32701181","name":"ALERGIA E INMUNOLOGIA INFANTIL"},{"value":"30101001","name":"BRONCOPULMONAR ADULTO"},{"value":"30101002","name":"BRONCOPULMONAR INFANTIL"},{"value":"30101003","name":"CARDIOLOGIA ADULTO"},{"value":"30101004","name":"CARDIOLOGIA INFANTIL"},{"value":"32701175","name":"CIRUGIA - TRAUMATOLOGIA BUCAL Y MAXILO F"},{"value":"30101005","name":"CIRUGIA ADULTO"},{"value":"32701159","name":"CIRUGIA BARIATRICA"},{"value":"32701047","name":"CIRUGIA CABEZA Y CUELLO"},{"value":"32701172","name":"CIRUGIA CARDIACA"},{"value":"32701088","name":"CIRUGIA CARDIOVASCULAR ADULTO"},{"value":"30101060","name":"CIRUGIA CARDIOVASCULAR INFANTIL"},{"value":"32701219","name":"CIRUGIA CARDIOVASCULAR Y TRASPLANTE"},{"value":"30101006","name":"CIRUGIA DE TORAX"},{"value":"32701031","name":"CIRUGIA DIGESTIVA"},{"value":"30101038","name":"CIRUGIA INFANTIL"},{"value":"30101049","name":"CIRUGIA MAMAS"},{"value":"32701194","name":"CIRUGIA NEONATAL"},{"value":"32701052","name":"CIRUGIA ONCOLOGICA ADULTO"},{"value":"32701190","name":"CIRUGIA PLASTICA ESTETICA Y REPARADORA"},{"value":"32701029","name":"CIRUGIA PLASTICA INFANTIL"},{"value":"32701189","name":"CIRUGIA PLASTICA REPARADORA"},{"value":"32701169","name":"CIRUGIA TRASPLANTE CARDIOPULMONAR"},{"value":"30101009","name":"CIRUGIA VASCULAR ADULTO"},{"value":"32701017","name":"CIRUGIA VASCULAR PERIFERICA"},{"value":"30101029","name":"COLOPROCTOLOGIA"},{"value":"32701196","name":"COMPOSICION CORPORAL BIOIMPEDANCIOMETRIA"},{"value":"32701149","name":"CONSULTA CICATRICES - COMPRESIONES (KINE"},{"value":"32701222","name":"CONTROL DE PACIENTE ONCOLOGICO PEDIATRIC"},{"value":"32701087","name":"CONTROL POST TRASPLANTE HEPATICO"},{"value":"32701086","name":"CONTROL TRASPLANTE RENAL"},{"value":"30101010","name":"DERMATOLOGIA ADULTO"},{"value":"30101061","name":"DERMATOLOGIA INFANTIL"},{"value":"30101036","name":"DIABETOLOGIA Y NUTRICION ADULTO"},{"value":"30101056","name":"ENDOCRINOLOGIA INFANTIL"},{"value":"30101011","name":"ENDOCRINOLOGIA Y DIABETES ADULTO"},{"value":"32701160","name":"EVALUACION NEUROPSICOLOGICA"},{"value":"32701161","name":"EVALUACION POST TRASPLANTE CARDIOPULMONA"},{"value":"32701166","name":"EVALUACION POST TRASPLANTE RENAL "},{"value":"32701164","name":"EVALUACION POST TRASPLANTE RENAL RECIENT"},{"value":"32701165","name":"EVALUACION PRE  TRASPLANTE HEPATICO"},{"value":"32701167","name":"EVALUACION PRE TRASPLANTE CARDIO PULMONA"},{"value":"32701163","name":"EVALUACION PRE TRASPLANTE RENAL "},{"value":"32701103","name":"EVALUACION PREOPERATORIA"},{"value":"32701012","name":"FISIATRIA ADULTO"},{"value":"32701090","name":"FISIATRIA INFANTIL"},{"value":"30101037","name":"FONOAUDIOLOGIA ADULTO"},{"value":"32701091","name":"FONOAUDIOLOGIA ADULTO ALT VOZ Y LENGUAJE"},{"value":"32701092","name":"FONOAUDIOLOGIA INFANTIL ALT VOZ Y LENGUA"},{"value":"30101012","name":"GASTROENTEROLOGIA ADULTO"},{"value":"30101057","name":"GASTROENTEROLOGIA INFANTIL"},{"value":"32701055","name":"GENETICA_CLINICA "},{"value":"30101013","name":"GERIATRIA"},{"value":"32701104","name":"GINECOLOGIA INFANTIL DEL PREADOLESCENTE"},{"value":"30101044","name":"GINECOLOGIA INFANTIL Y ADOLESCENCIA"},{"value":"30101014","name":"GINECO-OBSTETRA"},{"value":"30101015","name":"HEMATOLOGIA ADULTO"},{"value":"30101046","name":"HEMATOLOGIA INFANTIL"},{"value":"30101016","name":"INFECTOLOGIA ADULTO"},{"value":"30101043","name":"INFECTOLOGIA INFANTIL"},{"value":"32701024","name":"INFERTILIDAD"},{"value":"32701046","name":"INMUNOLOGIA ADULTO"},{"value":"32701028","name":"INMUNOLOGIA INFANTIL"},{"value":"32701216","name":"KINE -  OBESIDAD ADULTOS"},{"value":"32701217","name":"KINE -  OBESIDAD PEDIATRIA"},{"value":"32701215","name":"KINE -  ONCOLOGIA PEDIATRICA"},{"value":"32701154","name":"KINE -  REHABILITACION PULMONAR"},{"value":"32701152","name":"KINE - NEUROLOGICA  ADULTOS"},{"value":"32701184","name":"KINE - REHABILITACION NEUROLOGICA ADULTO"},{"value":"32701185","name":"KINE - REHABILITACION NEUROLOGICA INFANT"},{"value":"32701211","name":"KINE - REHABILITACION PISO PELVICO"},{"value":"32701186","name":"KINE - REHABILITACION PULMONAR"},{"value":"32701153","name":"KINE- OBESIDAD "},{"value":"32701039","name":"MANEJO DEL DOLOR"},{"value":"30101017","name":"MAXILO_FACIAL"},{"value":"30101018","name":"MEDICINA GENERAL"},{"value":"30101019","name":"MEDICINA INTERNA"},{"value":"32701041","name":"MEDICINA INTERNA"},{"value":"32701224","name":"MEDICINA INTERNA DEDICADO A GASTROENTERO"},{"value":"32701176","name":"MEDICINA TRANSFUSIONAL"},{"value":"30101021","name":"NEFROLOGIA ADULTO"},{"value":"30101042","name":"NEFROLOGIA INFANTIL"},{"value":"30101028","name":"NEONATOLOGIA"},{"value":"30101024","name":"NEUROCIRUGIA ADULTO"},{"value":"32701182","name":"NEUROCIRUGIA ADULTO - INFANTIL"},{"value":"32701034","name":"NEUROCIRUGIA INFANTIL"},{"value":"30101022","name":"NEUROLOGIA ADULTO"},{"value":"30101023","name":"NEUROLOGIA INFANTIL"},{"value":"32701101","name":"NEURORADIOLOGIA INTERVENCIONAL"},{"value":"30101035","name":"NUTRICION ADULTO (NUTRICIONISTA)"},{"value":"30101047","name":"NUTRICION INFANTIL (NUTRICIONISTA)"},{"value":"32701178","name":"NUTRIOLOGIA INFANTO JUVENIL"},{"value":"30101075","name":"NUTRIOLOGO ADULTO"},{"value":"32701037","name":"NUTRIOLOGO INFANTIL"},{"value":"30101025","name":"OFTALMOLOGIA - ADULTO"},{"value":"32701134","name":"OFTALMOLOGIA - CATARATA CORNEA Y REFRACT"},{"value":"32701133","name":"OFTALMOLOGIA - CATARATA Y CIRUGIA REFRAC"},{"value":"32701135","name":"OFTALMOLOGIA - CIRUGIA DE RETINA"},{"value":"32701214","name":"OFTALMOLOGIA - CIRUGIA OCULOPLASTICA"},{"value":"32701136","name":"OFTALMOLOGIA - CIRUGIA REFRACTIVA"},{"value":"32701205","name":"OFTALMOLOGIA - ENFERMEDADES DE LA RETINA"},{"value":"32701213","name":"OFTALMOLOGIA - ENFERMEDADES DE LA UVEDA"},{"value":"32701137","name":"OFTALMOLOGIA - GLAUCOMA"},{"value":"32701200","name":"OFTALMOLOGIA - GLAUCOMA CATARATA REFRACT"},{"value":"30101062","name":"OFTALMOLOGIA - INFANTIL"},{"value":"32701142","name":"OFTALMOLOGIA - NEUROFTALMOLOGO"},{"value":"32701203","name":"OFTALMOLOGIA - ONCOLOGIA, OFT GENERAL"},{"value":"32701202","name":"OFTALMOLOGIA - PEDIATRIA, ESTRABISMO"},{"value":"32701139","name":"OFTALMOLOGIA - PLASTICA, ORBITA, VIA LAG"},{"value":"32701201","name":"OFTALMOLOGIA - RETINA, CATARATA Y REFRAC"},{"value":"32701141","name":"OFTALMOLOGIA - RETINA NO QUIRUR. PREMAT"},{"value":"32701140","name":"OFTALMOLOGIA - RETINA NO QUIRUR. UVEA"},{"value":"32701212","name":"OFTALMOLOGIA - TUMORES OCULARES"},{"value":"32701206","name":"OFTALMOLOGIA - UVEA, CATARATA, REFRACTIV"},{"value":"30101076","name":"ONCOLOGIA ADULTO"},{"value":"32701016","name":"ONCOLOGIA INFANTIL"},{"value":"32701015","name":"ORTOPEDIA INFANTIL"},{"value":"30101040","name":"OTORRINOLARINGOLOGIA ADULTO"},{"value":"30101063","name":"OTORRINOLARINGOLOGIA INFANTIL"},{"value":"30101027","name":"PEDIATRIA GENERAL"},{"value":"32701226","name":"PLANIFICACION FAMILIAR Y MET. NATURALES"},{"value":"32701043","name":"PSICOPEDAGOGIA"},{"value":"30101032","name":"REUMATOLOGIA ADULTO"},{"value":"30101048","name":"REUMATOLOGIA INFANTIL"},{"value":"32701057","name":"TRAUMA - ESCOLIOSIS ADULTO E INFANTIL"},{"value":"32701068","name":"TRAUMA ADULTO- CIRUGIA RECONSTRUCTIVA"},{"value":"30101033","name":"TRAUMATOLOGIA ADULTO"},{"value":"32701059","name":"TRAUMATOLOGIA ADULTO - CIRUGIA DE MANO"},{"value":"32701168","name":"TRAUMATOLOGIA ADULTO - CIRUGIA DE PIE"},{"value":"32701064","name":"TRAUMATOLOGIA ADULTO - CIRUGIA HOMBRO"},{"value":"32701062","name":"TRAUMATOLOGIA ADULTO - CIRUGIA RODILLA"},{"value":"32701060","name":"TRAUMATOLOGIA ADULTO - PATOLOGIA CADERAS"},{"value":"32701061","name":"TRAUMATOLOGIA ADULTO - PATOLOGIA COLUMNA"},{"value":"32701063","name":"TRAUMATOLOGIA ADULTO - TUMORES OSEOS"},{"value":"30101039","name":"TRAUMATOLOGIA INFANTIL"},{"value":"30101034","name":"UROLOGIA ADULTO"},{"value":"30101045","name":"UROLOGIA INFANTIL"}]
