[{"value":"79","name":"ALGARROBO"},{"value":"336","name":"ALHUE"},{"value":"28","name":"ALTO DEL CARMEN"},{"value":"257","name":"ANCUD"},{"value":"32","name":"ANDACOLLO"},{"value":"197","name":"ANGOL"},{"value":"290","name":"ANTARTICA"},{"value":"16","name":"ANTOFAGASTA"},{"value":"169","name":"ANTUCO"},{"value":"191","name":"ARAUCO"},{"value":"1","name":"ARICA"},{"value":"272","name":"AYSEN"},{"value":"330","name":"BUIN"},{"value":"155","name":"BULNES"},{"value":"46","name":"CABILDO"},{"value":"167","name":"CABRERO"},{"value":"13","name":"CALAMA"},{"value":"250","name":"CALBUCO"},{"value":"23","name":"CALDERA"},{"value":"61","name":"CALERA"},{"value":"332","name":"CALERA DE TANGO"},{"value":"51","name":"CALLE LARGA"},{"value":"2","name":"CAMARONES"},{"value":"7","name":"CAMINA"},{"value":"194","name":"CANETE"},{"value":"224","name":"CARAHUE"},{"value":"76","name":"CARTAGENA"},{"value":"72","name":"CASABLANCA"},{"value":"256","name":"CASTRO"},{"value":"58","name":"CATEMU"},{"value":"142","name":"CAUQUENES"},{"value":"315","name":"CERRILLOS"},{"value":"320","name":"CERRO NAVIA"},{"value":"266","name":"CHAITEN"},{"value":"20","name":"CHANARAL"},{"value":"144","name":"CHANCO"},{"value":"103","name":"CHEPICA"},{"value":"189","name":"CHIGUAYANTE"},{"value":"275","name":"CHILE CHICO"},{"value":"145","name":"CHILLAN"},{"value":"165","name":"CHILLAN VIEJO"},{"value":"100","name":"CHIMBARONGO"},{"value":"263","name":"CHONCHI"},{"value":"273","name":"CISNES"},{"value":"161","name":"COBQUECURA"},{"value":"249","name":"COCHAMO"},{"value":"277","name":"COCHRANE"},{"value":"85","name":"CODEGUA"},{"value":"159","name":"COELEMU"},{"value":"149","name":"COIHUECO"},{"value":"96","name":"COINCO"},{"value":"136","name":"COLBUN"},{"value":"8","name":"COLCHANE"},{"value":"323","name":"COLINA"},{"value":"199","name":"COLLIPULLI"},{"value":"95","name":"COLTAUCO"},{"value":"38","name":"COMBARBALA"},{"value":"179","name":"CONCEPCION"},{"value":"293","name":"CONCHALI"},{"value":"74","name":"CON-CON"},{"value":"131","name":"CONSTITUCION"},{"value":"195","name":"CONTULMO"},{"value":"22","name":"COPIAPO"},{"value":"31","name":"COQUIMBO"},{"value":"187","name":"CORONEL"},{"value":"233","name":"CORRAL"},{"value":"270","name":"COYHAIQUE"},{"value":"212","name":"CUNCO"},{"value":"201","name":"CURACAUTIN"},{"value":"335","name":"CURACAVI"},{"value":"260","name":"CURACO DE VELEZ"},{"value":"192","name":"CURANILAHUE"},{"value":"214","name":"CURARREHUE"},{"value":"132","name":"CUREPTO"},{"value":"115","name":"CURICO"},{"value":"259","name":"DALCAHUE"},{"value":"21","name":"DIEGO DE ALMAGRO"},{"value":"97","name":"DONIHUE"},{"value":"311","name":"EL BOSQUE"},{"value":"152","name":"EL CARMEN"},{"value":"341","name":"EL MONTE"},{"value":"78","name":"EL QUISCO"},{"value":"77","name":"EL TABO"},{"value":"129","name":"EMPEDRADO"},{"value":"242","name":"ENTRE LAGOS"},{"value":"202","name":"ERCILLA"},{"value":"314","name":"ESTACION CENTRAL"},{"value":"183","name":"FLORIDA"},{"value":"217","name":"FREIRE"},{"value":"26","name":"FREIRINA"},{"value":"253","name":"FRESIA"},{"value":"255","name":"FRUTILLAR"},{"value":"268","name":"FUTALEUFU"},{"value":"232","name":"FUTRONO"},{"value":"226","name":"GALVARINO"},{"value":"4","name":"GENERAL LAGOS"},{"value":"219","name":"GORBEA"},{"value":"83","name":"GRANEROS"},{"value":"274","name":"GUAITECAS"},{"value":"63","name":"HIJUELAS"},{"value":"267","name":"HUALAIQUE"},{"value":"120","name":"HUALANE"},{"value":"184","name":"HUALQUI"},{"value":"6","name":"HUARA"},{"value":"27","name":"HUASCO"},{"value":"294","name":"HUECHURABA"},{"value":"40","name":"ILLAPEL"},{"value":"292","name":"INDEPENDENCIA"},{"value":"5","name":"IQUIQUE"},{"value":"340","name":"ISLA DE MAIPO"},{"value":"81","name":"ISLA DE PASCUA"},{"value":"73","name":"JUAN FERNANDEZ"},{"value":"310","name":"LA CISTERNA"},{"value":"60","name":"LA CRUZ"},{"value":"112","name":"LA ESTRELLA"},{"value":"304","name":"LA FLORIDA"},{"value":"306","name":"LA GRANJA"},{"value":"30","name":"LA HIGUERA"},{"value":"44","name":"LA LIGUA"},{"value":"307","name":"LA PINTANA"},{"value":"301","name":"LA REINA"},{"value":"29","name":"LA SERENA"},{"value":"236","name":"LA UNION"},{"value":"239","name":"LAGO RANCO"},{"value":"271","name":"LAGO VERDE"},{"value":"284","name":"LAGUNA BLANCA"},{"value":"176","name":"LAJA"},{"value":"324","name":"LAMPA"},{"value":"230","name":"LANCO"},{"value":"98","name":"LAS CABRAS"},{"value":"299","name":"LAS CONDES"},{"value":"209","name":"LAUTARO"},{"value":"190","name":"LEBU"},{"value":"121","name":"LICANTEN"},{"value":"64","name":"LIMACHE"},{"value":"134","name":"LINARES"},{"value":"111","name":"LITUECHE"},{"value":"57","name":"LLAILLAY"},{"value":"254","name":"LLANQUIHUE"},{"value":"298","name":"LO BARNECHEA"},{"value":"313","name":"LO ESPEJO"},{"value":"318","name":"LO PRADO"},{"value":"105","name":"LOLOL"},{"value":"220","name":"LONCOCHE"},{"value":"137","name":"LONGAVI"},{"value":"200","name":"LONQUIMAY"},{"value":"193","name":"LOS ALAMOS"},{"value":"49","name":"LOS ANDES"},{"value":"166","name":"LOS ANGELES"},{"value":"231","name":"LOS LAGOS"},{"value":"252","name":"LOS MUERMOS"},{"value":"207","name":"LOS SAUCES"},{"value":"42","name":"LOS VILOS"},{"value":"186","name":"LOTA"},{"value":"205","name":"LUMACO"},{"value":"86","name":"MACHALI"},{"value":"302","name":"MACUL"},{"value":"234","name":"MAFIL"},{"value":"316","name":"MAIPU"},{"value":"90","name":"MALLOA"},{"value":"113","name":"MARCHIGUE"},{"value":"12","name":"MARIA ELENA"},{"value":"334","name":"MARIA PINTO"},{"value":"229","name":"MARIQUINA"},{"value":"128","name":"MAULE"},{"value":"251","name":"MAULLIN"},{"value":"17","name":"MEJILLONES"},{"value":"213","name":"MELIPEUCO"},{"value":"333","name":"MELIPILLA"},{"value":"343","name":"MILAN"},{"value":"43","name":"MINCHA"},{"value":"118","name":"MOLINA"},{"value":"37","name":"MONTE PATRIA"},{"value":"84","name":"MOSTAZAL"},{"value":"173","name":"MULCHEN"},{"value":"175","name":"NACIMIENTO"},{"value":"102","name":"NANCAGUA"},{"value":"280","name":"NATALES"},{"value":"289","name":"NAVARINO"},{"value":"110","name":"NAVIDAD"},{"value":"174","name":"NEGRETE"},{"value":"163","name":"NINHUE"},{"value":"147","name":"NIQUEN"},{"value":"62","name":"NOGALES"},{"value":"225","name":"NUEVA IMPERIAL"},{"value":"300","name":"NUNOA"},{"value":"278","name":"OHIGGINS"},{"value":"87","name":"OLIVAR"},{"value":"14","name":"OLLAGUE"},{"value":"65","name":"OLMUE"},{"value":"240","name":"OSORNO"},{"value":"35","name":"OVALLE"},{"value":"342","name":"PADRE HURTADO"},{"value":"227","name":"PADRE LAS CASAS"},{"value":"34","name":"PAIGUANO"},{"value":"237","name":"PAILLACO"},{"value":"331","name":"PAINE"},{"value":"269","name":"PALENA"},{"value":"107","name":"PALMILLA"},{"value":"235","name":"PANGUIPULLI"},{"value":"56","name":"PANQUEHUE"},{"value":"48","name":"PAPUDO"},{"value":"114","name":"PAREDONES"},{"value":"138","name":"PARRAL"},{"value":"312","name":"PEDRO AGUIRRE CERDA"},{"value":"125","name":"PELARCO"},{"value":"143","name":"PELLUHUE"},{"value":"154","name":"PEMUCO"},{"value":"339","name":"PENAFLOR"},{"value":"303","name":"PENALOLEN"},{"value":"130","name":"PENCAHUE"},{"value":"181","name":"PENCO"},{"value":"108","name":"PERALILLO"},{"value":"210","name":"PERQUENCO"},{"value":"45","name":"PETORCA"},{"value":"94","name":"PEUMO"},{"value":"9","name":"PICA"},{"value":"93","name":"PICHIDEGUA"},{"value":"109","name":"PICHILEMU"},{"value":"150","name":"PINTO"},{"value":"328","name":"PIRQUE"},{"value":"218","name":"PITRUFQUEN"},{"value":"101","name":"PLACILLA"},{"value":"158","name":"PORTEZUELO"},{"value":"286","name":"PORVENIR"},{"value":"10","name":"POZO ALMONTE"},{"value":"287","name":"PRIMAVERA"},{"value":"296","name":"PROVIDENCIA"},{"value":"69","name":"PUCHUNCAVI"},{"value":"215","name":"PUCON"},{"value":"319","name":"PUDAHUEL"},{"value":"326","name":"PUENTE ALTO"},{"value":"247","name":"PUERTO MONTT"},{"value":"243","name":"PUERTO OCTAY"},{"value":"248","name":"PUERTO VARAS"},{"value":"106","name":"PUMANQUE"},{"value":"39","name":"PUNITAQUI"},{"value":"282","name":"PUNTA ARENAS"},{"value":"262","name":"PUQUELDON"},{"value":"206","name":"PUREN"},{"value":"244","name":"PURRANQUE"},{"value":"54","name":"PUTAENDO"},{"value":"3","name":"PUTRE"},{"value":"264","name":"QUEILEN"},{"value":"265","name":"QUELLON"},{"value":"258","name":"QUEMCHI"},{"value":"172","name":"QUILACO"},{"value":"322","name":"QUILICURA"},{"value":"170","name":"QUILLECO"},{"value":"156","name":"QUILLON"},{"value":"59","name":"QUILLOTA"},{"value":"70","name":"QUILPUE"},{"value":"261","name":"QUINCHAO"},{"value":"91","name":"QUINTA DE TILCOCO"},{"value":"317","name":"QUINTA NORMAL"},{"value":"68","name":"QUINTERO"},{"value":"162","name":"QUIRIHUE"},{"value":"82","name":"RANCAGUA"},{"value":"157","name":"RANQUIL"},{"value":"123","name":"RAUCO"},{"value":"295","name":"RECOLETA"},{"value":"198","name":"RENAICO"},{"value":"321","name":"RENCA"},{"value":"89","name":"RENGO"},{"value":"88","name":"REQUINOA"},{"value":"139","name":"RETIRO"},{"value":"52","name":"RINCONADA"},{"value":"238","name":"RIO BUENO"},{"value":"126","name":"RIO CLARO"},{"value":"36","name":"RIO HURTADO"},{"value":"276","name":"RIO IBANEZ"},{"value":"245","name":"RIO NEGRO"},{"value":"283","name":"RIO VERDE"},{"value":"117","name":"ROMERAL"},{"value":"223","name":"SAAVEDRA"},{"value":"119","name":"SAGRADA FAMILIA"},{"value":"41","name":"SALAMANCA"},{"value":"75","name":"SAN ANTONIO"},{"value":"329","name":"SAN BERNARDO"},{"value":"146","name":"SAN CARLOS"},{"value":"127","name":"SAN CLEMENTE"},{"value":"50","name":"SAN ESTEBAN"},{"value":"148","name":"SAN FABIAN"},{"value":"53","name":"SAN FELIPE"},{"value":"99","name":"SAN FERNANDO"},{"value":"285","name":"SAN GREGORIO"},{"value":"151","name":"SAN IGNACIO"},{"value":"141","name":"SAN JAVIER"},{"value":"305","name":"SAN JOAQUIN"},{"value":"327","name":"SAN JOSE DE MAIPO"},{"value":"246","name":"SAN JUAN DE LA COSTA"},{"value":"309","name":"SAN MIGUEL"},{"value":"164","name":"SAN NICOLAS"},{"value":"241","name":"SAN PABLO"},{"value":"337","name":"SAN PEDRO"},{"value":"15","name":"SAN PEDRO DE ATACAMA"},{"value":"188","name":"SAN PEDRO DE LA PAZ"},{"value":"133","name":"SAN RAFAEL"},{"value":"308","name":"SAN RAMON"},{"value":"177","name":"SAN ROSENDO"},{"value":"92","name":"SAN VICENTE"},{"value":"171","name":"SANTA BARBARA"},{"value":"104","name":"SANTA CRUZ"},{"value":"185","name":"SANTA JUANA"},{"value":"55","name":"SANTA MARIA"},{"value":"291","name":"SANTIAGO"},{"value":"80","name":"SANTO DOMINGO"},{"value":"18","name":"SIERRA GORDA"},{"value":"338","name":"TALAGANTE"},{"value":"124","name":"TALCA"},{"value":"180","name":"TALCAHUANO"},{"value":"19","name":"TALTAL"},{"value":"208","name":"TEMUCO"},{"value":"116","name":"TENO"},{"value":"222","name":"TEODORO SCHMIDT"},{"value":"24","name":"TIERRA AMARILLA"},{"value":"325","name":"TILTIL"},{"value":"288","name":"TIMAUKEL"},{"value":"196","name":"TIRUA"},{"value":"11","name":"TOCOPILLA"},{"value":"221","name":"TOLTEN"},{"value":"182","name":"TOME"},{"value":"281","name":"TORRES DEL PAINE"},{"value":"279","name":"TORTEL"},{"value":"204","name":"TRAIGUEN"},{"value":"160","name":"TREGUACO"},{"value":"168","name":"TUCAPEL"},{"value":"228","name":"VALDIVIA"},{"value":"25","name":"VALLENAR"},{"value":"66","name":"VALPARAISO"},{"value":"122","name":"VICHUQUEN"},{"value":"203","name":"VICTORIA"},{"value":"33","name":"VICUNA"},{"value":"211","name":"VILCUN"},{"value":"140","name":"VILLA ALEGRE"},{"value":"71","name":"VILLA ALEMANA"},{"value":"216","name":"VILLARRICA"},{"value":"67","name":"VINA DEL MAR"},{"value":"297","name":"VITACURA"},{"value":"135","name":"YERBAS BUENAS"},{"value":"178","name":"YUMBEL"},{"value":"153","name":"YUNGAY"},{"value":"47","name":"ZAPALLAR"}]
